≤„Œª÷√,∆Ã∑€∑Ω Ω,≥…–Õ∏◊Œª÷√£®mm£©,∑€¡œ∏◊Œª÷√£®mm£©,∆Ã∑€±€Œª÷√£®mm£©
1,÷–∆Ã∑€,0.001,0.000,0.052,0.001,0.000,0.052
2,÷–∆Ã∑€,0.001,0.000,0.052,0.031,0.000,1.019
3,÷–∆Ã∑€,0.031,0.000,6.050,0.061,0.000,2.034
4,÷–∆Ã∑€,0.061,0.000,6.043,0.091,0.000,2.692
5,÷–∆Ã∑€,0.091,0.000,6.042,0.121,0.000,0.336
6,÷–∆Ã∑€,0.121,0.000,6.040,0.151,0.000,2.049
7,÷–∆Ã∑€,0.151,0.000,6.056,0.181,0.000,2.139
8,÷–∆Ã∑€,0.181,0.000,6.049,0.211,0.000,2.049
9,÷–∆Ã∑€,0.211,0.000,6.054,0.241,0.000,2.074
10,÷–∆Ã∑€,0.241,0.000,6.049,0.271,0.000,1.877
11,÷–∆Ã∑€,0.271,0.000,6.052,0.301,0.000,2.398
12,÷–∆Ã∑€,0.301,0.000,6.049,0.331,0.000,2.210
13,÷–∆Ã∑€,0.331,0.000,6.056,0.361,0.000,0.573
14,÷–∆Ã∑€,0.361,0.000,6.055,0.391,0.000,1.528
15,÷–∆Ã∑€,0.391,0.000,6.043,0.421,0.000,1.377
16,÷–∆Ã∑€,0.421,0.000,6.063,0.451,0.000,0.660
17,÷–∆Ã∑€,0.451,0.000,6.056,0.481,0.000,1.942
18,÷–∆Ã∑€,0.481,0.000,6.051,0.511,0.000,0.435
19,÷–∆Ã∑€,0.511,0.000,6.058,0.541,0.000,1.726
20,÷–∆Ã∑€,0.541,0.000,6.040,0.571,0.000,0.826
21,÷–∆Ã∑€,0.571,0.000,6.045,0.601,0.000,1.831
22,÷–∆Ã∑€,0.601,0.000,6.049,0.631,0.000,0.927
23,÷–∆Ã∑€,0.631,0.000,6.046,0.661,0.000,1.191
24,÷–∆Ã∑€,0.661,0.000,6.049,0.691,0.000,2.099
25,÷–∆Ã∑€,0.691,0.000,6.069,0.721,0.000,1.530
26,÷–∆Ã∑€,0.721,0.000,6.067,0.751,0.000,2.022
27,÷–∆Ã∑€,0.751,0.000,6.041,0.781,0.000,0.377
28,÷–∆Ã∑€,0.781,0.000,6.051,0.811,0.000,0.586
29,÷–∆Ã∑€,0.811,0.000,6.048,0.841,0.000,0.500
30,÷–∆Ã∑€,0.841,0.000,6.043,0.871,0.000,1.868
31,÷–∆Ã∑€,0.871,0.000,6.052,0.901,0.000,0.877
32,÷–∆Ã∑€,0.901,0.000,6.053,0.931,0.000,1.890
33,÷–∆Ã∑€,0.931,0.000,6.050,0.961,0.000,0.978
34,÷–∆Ã∑€,0.961,0.000,6.048,0.991,0.000,0.747
35,÷–∆Ã∑€,0.991,0.000,6.063,1.021,0.000,1.008
36,÷–∆Ã∑€,1.021,0.000,6.047,1.051,0.000,0.913
37,÷–∆Ã∑€,1.051,0.000,6.061,1.081,0.000,0.534
38,÷–∆Ã∑€,1.081,0.000,6.047,1.111,0.000,1.495
39,÷–∆Ã∑€,1.111,0.000,6.055,1.141,0.000,2.105
40,÷–∆Ã∑€,1.141,0.000,6.069,1.171,0.000,2.076
41,÷–∆Ã∑€,1.171,0.000,6.060,1.201,0.000,0.748
42,÷–∆Ã∑€,1.201,0.000,6.058,1.231,0.000,2.362
43,÷–∆Ã∑€,1.231,0.000,6.057,1.261,0.000,1.411
44,÷–∆Ã∑€,1.261,0.000,6.056,1.291,0.000,1.740
45,÷–∆Ã∑€,1.291,0.000,6.051,1.321,0.000,1.765
46,÷–∆Ã∑€,1.321,0.000,6.049,1.351,0.000,1.475
47,÷–∆Ã∑€,1.351,0.000,6.056,1.381,0.000,1.964
48,÷–∆Ã∑€,1.381,0.000,6.049,1.411,0.000,2.325
49,÷–∆Ã∑€,1.411,0.000,6.049,1.441,0.000,2.040
50,÷–∆Ã∑€,1.441,0.000,6.069,1.471,0.000,1.557
51,÷–∆Ã∑€,1.471,0.000,6.048,1.501,0.000,2.204
52,÷–∆Ã∑€,1.501,0.000,6.043,1.531,0.000,0.486
53,÷–∆Ã∑€,1.531,0.000,6.044,1.561,0.000,2.115
54,÷–∆Ã∑€,1.561,0.000,6.051,1.591,0.000,0.752
55,÷–∆Ã∑€,1.591,0.000,6.049,1.621,0.000,0.428
56,÷–∆Ã∑€,1.621,0.000,6.055,1.651,0.000,2.727
57,÷–∆Ã∑€,1.651,0.000,6.040,1.681,0.000,1.266
58,÷–∆Ã∑€,1.681,0.000,6.049,1.711,0.000,2.137
59,÷–∆Ã∑€,1.711,0.000,6.048,1.741,0.000,1.645
60,÷–∆Ã∑€,1.741,0.000,6.051,1.771,0.000,0.316
61,÷–∆Ã∑€,1.771,0.000,6.057,1.801,0.000,1.811
62,÷–∆Ã∑€,1.801,0.000,6.066,1.831,0.000,0.513
63,÷–∆Ã∑€,1.831,0.000,6.049,1.861,0.000,0.915
64,÷–∆Ã∑€,1.861,0.000,6.045,1.891,0.000,1.811
65,÷–∆Ã∑€,1.891,0.000,6.045,1.921,0.000,1.101
66,÷–∆Ã∑€,1.921,0.000,6.067,1.951,0.000,0.425
67,÷–∆Ã∑€,1.951,0.000,6.054,1.981,0.000,0.465
68,÷–∆Ã∑€,1.981,0.000,6.054,2.011,0.000,0.564
69,÷–∆Ã∑€,2.011,0.000,6.055,2.041,0.000,1.452
70,÷–∆Ã∑€,2.041,0.000,6.067,2.071,0.000,0.772
71,÷–∆Ã∑€,2.071,0.000,6.047,2.101,0.000,0.756
72,÷–∆Ã∑€,2.101,0.000,6.049,2.131,0.000,0.881
73,÷–∆Ã∑€,2.131,0.000,6.047,2.161,0.000,1.893
74,÷–∆Ã∑€,2.161,0.000,6.052,2.191,0.000,1.675
75,÷–∆Ã∑€,2.191,0.000,6.062,2.221,0.000,0.915
76,÷–∆Ã∑€,2.221,0.000,6.048,2.251,0.000,1.526
77,÷–∆Ã∑€,2.251,0.000,6.048,2.281,0.000,1.645
78,÷–∆Ã∑€,2.281,0.000,6.045,2.311,0.000,0.687
79,÷–∆Ã∑€,2.311,0.000,6.047,2.341,0.000,1.643
80,÷–∆Ã∑€,2.341,0.000,6.056,2.371,0.000,1.199
81,÷–∆Ã∑€,2.371,0.000,6.047,2.401,0.000,1.711
82,÷–∆Ã∑€,2.401,0.000,6.048,2.431,0.000,1.731
83,÷–∆Ã∑€,2.431,0.000,6.052,2.461,0.000,1.597
84,÷–∆Ã∑€,2.461,0.000,6.067,2.491,0.000,1.311
85,÷–∆Ã∑€,2.491,0.000,6.056,2.521,0.000,1.347
86,÷–∆Ã∑€,2.521,0.000,6.051,2.551,0.000,2.286
87,÷–∆Ã∑€,2.551,0.000,6.063,2.581,0.000,0.472
88,÷–∆Ã∑€,2.581,0.000,6.064,2.611,0.000,1.376
89,÷–∆Ã∑€,2.611,0.000,6.044,2.641,0.000,1.025
90,÷–∆Ã∑€,2.641,0.000,6.049,2.671,0.000,1.162
91,÷–∆Ã∑€,2.671,0.000,6.056,2.701,0.000,0.482
92,÷–∆Ã∑€,2.701,0.000,6.054,2.731,0.000,1.964
93,÷–∆Ã∑€,2.731,0.000,6.040,2.761,0.000,2.240
94,÷–∆Ã∑€,2.761,0.000,6.063,2.791,0.000,0.909
95,÷–∆Ã∑€,2.791,0.000,6.049,2.821,0.000,1.940
96,÷–∆Ã∑€,2.821,0.000,6.057,2.851,0.000,2.042
97,÷–∆Ã∑€,2.851,0.000,6.044,2.881,0.000,0.471
98,÷–∆Ã∑€,2.881,0.000,6.055,2.911,0.000,1.722
99,÷–∆Ã∑€,2.911,0.000,6.043,2.941,0.000,1.387
100,÷–∆Ã∑€,2.941,0.000,6.048,2.971,0.000,1.081
101,÷–∆Ã∑€,2.971,0.000,6.045,3.001,0.000,1.346
102,÷–∆Ã∑€,3.001,0.000,6.054,3.031,0.000,2.188
103,÷–∆Ã∑€,3.031,0.000,6.057,3.061,0.000,1.487
104,÷–∆Ã∑€,3.061,0.000,6.056,3.091,0.000,0.883
105,÷–∆Ã∑€,3.091,0.000,6.047,3.121,0.000,0.711
106,÷–∆Ã∑€,3.121,0.000,6.055,3.151,0.000,0.633
107,÷–∆Ã∑€,3.151,0.000,6.053,3.181,0.000,1.572
108,÷–∆Ã∑€,3.181,0.000,6.054,3.211,0.000,0.574
109,÷–∆Ã∑€,3.211,0.000,6.050,3.241,0.000,0.660
110,÷–∆Ã∑€,3.241,0.000,6.052,3.271,0.000,1.921
111,÷–∆Ã∑€,3.271,0.000,6.061,3.301,0.000,0.636
112,÷–∆Ã∑€,3.301,0.000,6.054,3.331,0.000,1.987
113,÷–∆Ã∑€,3.331,0.000,6.057,3.361,0.000,1.485
114,÷–∆Ã∑€,3.361,0.000,6.055,3.391,0.000,1.993
115,÷–∆Ã∑€,3.391,0.000,6.055,3.421,0.000,1.174
116,÷–∆Ã∑€,3.421,0.000,6.049,3.451,0.000,1.941
117,÷–∆Ã∑€,3.451,0.000,6.051,3.481,0.000,2.078
118,÷–∆Ã∑€,3.481,0.000,6.056,3.511,0.000,1.016
119,÷–∆Ã∑€,3.511,0.000,6.047,3.541,0.000,2.741
120,÷–∆Ã∑€,3.541,0.000,6.047,3.571,0.000,1.317
121,÷–∆Ã∑€,3.571,0.000,6.045,3.601,0.000,2.007
122,÷–∆Ã∑€,3.601,0.000,6.054,3.631,0.000,1.400
123,÷–∆Ã∑€,3.631,0.000,6.050,3.661,0.000,2.196
124,÷–∆Ã∑€,3.661,0.000,6.050,3.691,0.000,2.491
125,÷–∆Ã∑€,3.691,0.000,6.055,3.721,0.000,1.874
126,÷–∆Ã∑€,3.721,0.000,6.058,3.751,0.000,1.252
127,÷–∆Ã∑€,3.751,0.000,6.057,3.781,0.000,1.925
128,÷–∆Ã∑€,3.781,0.000,6.051,3.811,0.000,1.767
129,÷–∆Ã∑€,3.811,0.000,6.048,3.841,0.000,1.510
130,÷–∆Ã∑€,3.841,0.000,6.061,3.871,0.000,0.703
131,÷–∆Ã∑€,3.871,0.000,6.050,3.901,0.000,2.444
132,÷–∆Ã∑€,3.901,0.000,6.049,3.931,0.000,1.879
133,÷–∆Ã∑€,3.931,0.000,6.060,3.961,0.000,1.814
134,÷–∆Ã∑€,3.961,0.000,6.054,3.991,0.000,0.951
135,÷–∆Ã∑€,3.991,0.000,6.055,4.021,0.000,2.042
136,÷–∆Ã∑€,4.021,0.000,6.054,4.051,0.000,1.867
137,÷–∆Ã∑€,4.051,0.000,6.049,4.081,0.000,0.873
138,÷–∆Ã∑€,4.081,0.000,6.044,4.111,0.000,1.990
139,÷–∆Ã∑€,4.111,0.000,6.054,4.141,0.000,1.803
140,÷–∆Ã∑€,4.141,0.000,6.057,4.171,0.000,0.649
141,÷–∆Ã∑€,4.171,0.000,6.061,4.201,0.000,1.531
142,÷–∆Ã∑€,4.201,0.000,6.053,4.231,0.000,1.999
143,÷–∆Ã∑€,4.231,0.000,6.045,4.261,0.000,2.597
144,÷–∆Ã∑€,4.261,0.000,6.052,4.291,0.000,1.052
145,÷–∆Ã∑€,4.291,0.000,6.061,4.321,0.000,2.165
146,÷–∆Ã∑€,4.321,0.000,6.046,4.351,0.000,1.704
147,÷–∆Ã∑€,4.351,0.000,6.052,4.381,0.000,0.715
148,÷–∆Ã∑€,4.381,0.000,6.053,4.411,0.000,1.697
149,÷–∆Ã∑€,4.411,0.000,6.061,4.441,0.000,1.911
150,÷–∆Ã∑€,4.441,0.000,6.052,4.471,0.000,1.630
151,÷–∆Ã∑€,4.471,0.000,6.048,4.501,0.000,0.895
152,÷–∆Ã∑€,4.501,0.000,6.050,4.531,0.000,1.155
153,÷–∆Ã∑€,4.531,0.000,6.056,4.561,0.000,1.686
154,÷–∆Ã∑€,4.561,0.000,6.051,4.591,0.000,2.566
155,÷–∆Ã∑€,4.591,0.000,6.047,4.621,0.000,0.779
156,÷–∆Ã∑€,4.621,0.000,6.049,4.651,0.000,0.558
157,÷–∆Ã∑€,4.651,0.000,6.048,4.681,0.000,1.038
158,÷–∆Ã∑€,4.681,0.000,6.048,4.711,0.000,2.636
159,÷–∆Ã∑€,4.711,0.000,6.045,4.741,0.000,1.992
160,÷–∆Ã∑€,4.741,0.000,6.062,4.771,0.000,2.096
161,÷–∆Ã∑€,4.771,0.000,6.068,4.801,0.000,1.102
162,÷–∆Ã∑€,4.801,0.000,6.048,4.831,0.000,1.378
163,÷–∆Ã∑€,4.831,0.000,6.052,4.861,0.000,1.905
164,÷–∆Ã∑€,4.861,0.000,6.056,4.891,0.000,1.209
165,÷–∆Ã∑€,4.891,0.000,6.049,4.921,0.000,1.854
166,÷–∆Ã∑€,4.921,0.000,6.056,4.951,0.000,1.023
167,÷–∆Ã∑€,4.951,0.000,6.045,4.981,0.000,0.716
168,÷–∆Ã∑€,4.981,0.000,6.049,5.011,0.000,1.556
169,÷–∆Ã∑€,5.011,0.000,6.050,5.041,0.000,0.936
170,÷–∆Ã∑€,5.041,0.000,6.053,5.071,0.000,1.523
171,÷–∆Ã∑€,5.071,0.000,6.059,5.101,0.000,1.939
172,÷–∆Ã∑€,5.101,0.000,6.043,5.131,0.000,2.735
173,÷–∆Ã∑€,5.131,0.000,6.049,5.161,0.000,1.508
174,÷–∆Ã∑€,5.161,0.000,6.056,5.191,0.000,1.638
175,÷–∆Ã∑€,5.191,0.000,6.061,5.221,0.000,2.103
176,÷–∆Ã∑€,5.221,0.000,6.049,5.251,0.000,0.359
177,÷–∆Ã∑€,5.251,0.000,6.054,5.281,0.000,0.543
178,÷–∆Ã∑€,5.281,0.000,6.054,5.311,0.000,1.266
179,÷–∆Ã∑€,5.311,0.000,6.060,5.341,0.000,1.177
180,÷–∆Ã∑€,5.341,0.000,6.058,5.371,0.000,0.572
181,÷–∆Ã∑€,5.371,0.000,6.052,5.401,0.000,1.745
182,÷–∆Ã∑€,5.401,0.000,6.050,5.431,0.000,2.642
183,÷–∆Ã∑€,5.431,0.000,6.056,5.461,0.000,2.750
184,÷–∆Ã∑€,5.461,0.000,6.049,5.491,0.000,1.181
185,÷–∆Ã∑€,5.491,0.000,6.055,5.521,0.000,0.504
186,÷–∆Ã∑€,5.521,0.000,6.048,5.551,0.000,1.518
187,÷–∆Ã∑€,5.551,0.000,6.058,5.581,0.000,2.041
188,÷–∆Ã∑€,5.581,0.000,6.049,5.611,0.000,2.037
189,÷–∆Ã∑€,5.611,0.000,6.053,5.641,0.000,1.781
190,÷–∆Ã∑€,5.641,0.000,6.050,5.671,0.000,0.650
191,÷–∆Ã∑€,5.671,0.000,6.064,5.701,0.000,1.725
192,÷–∆Ã∑€,5.701,0.000,6.070,5.731,0.000,0.548
193,÷–∆Ã∑€,5.731,0.000,6.047,5.761,0.000,1.161
194,÷–∆Ã∑€,5.761,0.000,6.050,5.791,0.000,1.345
195,÷–∆Ã∑€,5.791,0.000,6.063,5.821,0.000,1.624
196,÷–∆Ã∑€,5.821,0.000,6.063,5.851,0.000,1.602
197,÷–∆Ã∑€,5.851,0.000,6.045,5.881,0.000,1.548
198,÷–∆Ã∑€,5.881,0.000,6.047,5.911,0.000,1.412
199,÷–∆Ã∑€,5.911,0.000,6.058,5.941,0.000,1.262
200,÷–∆Ã∑€,5.941,0.000,6.055,5.971,0.000,2.039
201,÷–∆Ã∑€,5.971,0.000,6.056,6.001,0.000,1.296
202,÷–∆Ã∑€,6.001,0.000,6.049,6.031,0.000,0.387
203,÷–∆Ã∑€,6.031,0.000,6.049,6.061,0.000,1.541
204,÷–∆Ã∑€,6.061,0.000,6.043,6.091,0.000,0.417
205,÷–∆Ã∑€,6.091,0.000,6.043,6.121,0.000,0.675
206,÷–∆Ã∑€,6.121,0.000,6.055,6.151,0.000,1.282
207,÷–∆Ã∑€,6.151,0.000,6.049,6.181,0.000,1.102
208,÷–∆Ã∑€,6.181,0.000,6.062,6.211,0.000,1.533
209,÷–∆Ã∑€,6.211,0.000,6.063,6.241,0.000,0.994
210,÷–∆Ã∑€,6.241,0.000,6.060,6.271,0.000,0.549
211,÷–∆Ã∑€,6.271,0.000,6.042,6.301,0.000,0.581
212,÷–∆Ã∑€,6.301,0.000,6.056,6.331,0.000,1.713
213,÷–∆Ã∑€,6.331,0.000,6.065,6.361,0.000,2.294
214,÷–∆Ã∑€,6.361,0.000,6.044,6.391,0.000,0.624
215,÷–∆Ã∑€,6.391,0.000,6.051,6.421,0.000,1.324
216,÷–∆Ã∑€,6.421,0.000,6.046,6.451,0.000,2.106
217,÷–∆Ã∑€,6.451,0.000,6.047,6.481,0.000,1.090
218,÷–∆Ã∑€,6.481,0.000,6.048,6.511,0.000,2.102
219,÷–∆Ã∑€,6.511,0.000,6.064,6.541,0.000,1.602
220,÷–∆Ã∑€,6.541,0.000,6.051,6.571,0.000,1.168
221,÷–∆Ã∑€,6.571,0.000,6.057,6.601,0.000,0.767
222,÷–∆Ã∑€,6.601,0.000,6.055,6.631,0.000,1.818
223,÷–∆Ã∑€,6.631,0.000,6.061,6.661,0.000,1.528
224,÷–∆Ã∑€,6.661,0.000,6.073,6.691,0.000,0.892
225,÷–∆Ã∑€,6.691,0.000,6.057,6.721,0.000,1.041
226,÷–∆Ã∑€,6.721,0.000,6.047,6.751,0.000,1.077
227,÷–∆Ã∑€,6.751,0.000,6.051,6.781,0.000,2.629
228,÷–∆Ã∑€,6.781,0.000,6.071,6.811,0.000,1.418
229,÷–∆Ã∑€,6.811,0.000,6.043,6.841,0.000,0.877
230,÷–∆Ã∑€,6.841,0.000,6.060,6.871,0.000,0.877
231,÷–∆Ã∑€,6.871,0.000,6.050,6.901,0.000,1.182
232,÷–∆Ã∑€,6.901,0.000,6.049,6.931,0.000,0.734
233,÷–∆Ã∑€,6.931,0.000,6.050,6.961,0.000,2.342
234,÷–∆Ã∑€,6.961,0.000,6.071,6.991,0.000,2.746
235,÷–∆Ã∑€,6.991,0.000,6.056,7.021,0.000,2.482
236,÷–∆Ã∑€,7.021,0.000,6.055,7.051,0.000,1.833
237,÷–∆Ã∑€,7.051,0.000,6.063,7.081,0.000,2.415
238,÷–∆Ã∑€,7.081,0.000,6.049,7.111,0.000,1.148
239,÷–∆Ã∑€,7.111,0.000,6.050,7.141,0.000,1.887
240,÷–∆Ã∑€,7.141,0.000,6.059,7.171,0.000,1.867
241,÷–∆Ã∑€,7.171,0.000,6.053,7.201,0.000,1.490
242,÷–∆Ã∑€,7.201,0.000,6.045,7.231,0.000,1.163
243,÷–∆Ã∑€,7.231,0.000,6.057,7.261,0.000,2.751
244,÷–∆Ã∑€,7.261,0.000,6.056,7.291,0.000,0.672
245,÷–∆Ã∑€,7.291,0.000,6.071,7.321,0.000,1.341
246,÷–∆Ã∑€,7.321,0.000,6.045,7.351,0.000,0.392
247,÷–∆Ã∑€,7.351,0.000,6.045,7.381,0.000,1.865
248,÷–∆Ã∑€,7.381,0.000,6.049,7.411,0.000,0.392
249,÷–∆Ã∑€,7.411,0.000,6.049,7.441,0.000,0.525
250,÷–∆Ã∑€,7.441,0.000,6.056,7.471,0.000,1.393
251,÷–∆Ã∑€,7.471,0.000,6.054,7.501,0.000,0.604
252,÷–∆Ã∑€,7.501,0.000,6.050,7.531,0.000,1.273
253,÷–∆Ã∑€,7.531,0.000,6.069,7.561,0.000,1.233
254,÷–∆Ã∑€,7.561,0.000,6.052,7.591,0.000,0.703
255,÷–∆Ã∑€,7.591,0.000,6.052,7.621,0.000,1.957
256,÷–∆Ã∑€,7.621,0.000,6.048,7.651,0.000,1.275
257,÷–∆Ã∑€,7.651,0.000,6.062,7.681,0.000,0.435
258,÷–∆Ã∑€,7.681,0.000,6.062,7.711,0.000,1.734
259,÷–∆Ã∑€,7.711,0.000,6.056,7.741,0.000,1.714
260,÷–∆Ã∑€,7.741,0.000,6.061,7.771,0.000,2.308
261,÷–∆Ã∑€,7.771,0.000,6.054,7.801,0.000,0.765
262,÷–∆Ã∑€,7.801,0.000,6.043,7.831,0.000,1.248
263,÷–∆Ã∑€,7.831,0.000,6.044,7.861,0.000,0.990
264,÷–∆Ã∑€,7.861,0.000,6.050,7.891,0.000,1.474
265,÷–∆Ã∑€,7.891,0.000,6.044,7.921,0.000,2.019
266,÷–∆Ã∑€,7.921,0.000,6.061,7.951,0.000,0.660
267,÷–∆Ã∑€,7.951,0.000,6.063,7.981,0.000,1.840
268,÷–∆Ã∑€,7.981,0.000,6.056,8.011,0.000,0.405
269,÷–∆Ã∑€,8.011,0.000,6.062,8.041,0.000,1.789
270,÷–∆Ã∑€,8.041,0.000,6.050,8.071,0.000,0.714
271,÷–∆Ã∑€,8.071,0.000,6.062,8.101,0.000,1.319
272,÷–∆Ã∑€,8.101,0.000,6.074,8.131,0.000,2.747
273,÷–∆Ã∑€,8.131,0.000,6.058,8.161,0.000,1.660
274,÷–∆Ã∑€,8.161,0.000,6.065,8.191,0.000,0.960
275,÷–∆Ã∑€,8.191,0.000,6.055,8.221,0.000,1.099
276,÷–∆Ã∑€,8.221,0.000,6.055,8.251,0.000,1.449
277,÷–∆Ã∑€,8.251,0.000,6.061,8.281,0.000,2.086
278,÷–∆Ã∑€,8.281,0.000,6.073,8.311,0.000,2.636
279,÷–∆Ã∑€,8.311,0.000,6.049,8.341,0.000,0.883
280,÷–∆Ã∑€,8.341,0.000,6.044,8.371,0.000,2.550
281,÷–∆Ã∑€,8.371,0.000,6.045,8.401,0.000,1.393
282,÷–∆Ã∑€,8.401,0.000,6.049,8.431,0.000,0.883
283,÷–∆Ã∑€,8.431,0.000,6.061,8.461,0.000,1.863
284,÷–∆Ã∑€,8.461,0.000,6.058,8.491,0.000,1.980
285,÷–∆Ã∑€,8.491,0.000,6.057,8.521,0.000,1.085
286,÷–∆Ã∑€,8.521,0.000,6.051,8.551,0.000,1.417
287,÷–∆Ã∑€,8.551,0.000,6.063,8.581,0.000,1.975
288,÷–∆Ã∑€,8.581,0.000,6.054,8.611,0.000,1.066
289,÷–∆Ã∑€,8.611,0.000,6.058,8.641,0.000,1.568
290,÷–∆Ã∑€,8.641,0.000,6.063,8.671,0.000,0.278
291,÷–∆Ã∑€,8.671,0.000,6.056,8.701,0.000,1.985
292,÷–∆Ã∑€,8.701,0.000,6.061,8.731,0.000,1.985
293,÷–∆Ã∑€,8.731,0.000,6.062,8.761,0.000,0.438
294,÷–∆Ã∑€,8.761,0.000,6.048,8.791,0.000,1.630
295,÷–∆Ã∑€,8.791,0.000,6.045,8.821,0.000,0.446
296,÷–∆Ã∑€,8.821,0.000,6.064,8.851,0.000,0.532
297,÷–∆Ã∑€,8.851,0.000,6.059,8.881,0.000,1.303
298,÷–∆Ã∑€,8.881,0.000,6.055,8.911,0.000,2.127
299,÷–∆Ã∑€,8.911,0.000,6.055,8.941,0.000,1.151
300,÷–∆Ã∑€,8.941,0.000,6.056,8.971,0.000,2.060
301,÷–∆Ã∑€,8.971,0.000,6.045,9.001,0.000,1.537
302,÷–∆Ã∑€,9.001,0.000,6.063,9.031,0.000,1.043
303,÷–∆Ã∑€,9.031,0.000,6.048,9.061,0.000,1.910
304,÷–∆Ã∑€,9.061,0.000,6.044,9.091,0.000,1.088
305,÷–∆Ã∑€,9.091,0.000,6.074,9.121,0.000,2.016
306,÷–∆Ã∑€,9.121,0.000,6.064,9.151,0.000,0.551
307,÷–∆Ã∑€,9.151,0.000,6.063,9.181,0.000,0.688
308,÷–∆Ã∑€,9.181,0.000,6.056,9.211,0.000,2.039
309,÷–∆Ã∑€,9.211,0.000,6.056,9.241,0.000,2.497
310,÷–∆Ã∑€,9.241,0.000,6.054,9.271,0.000,2.042
311,÷–∆Ã∑€,9.271,0.000,6.061,9.301,0.000,0.596
312,÷–∆Ã∑€,9.301,0.000,6.062,9.331,0.000,1.567
313,÷–∆Ã∑€,9.331,0.000,6.050,9.361,0.000,0.813
314,÷–∆Ã∑€,9.361,0.000,6.059,9.391,0.000,0.779
315,÷–∆Ã∑€,9.391,0.000,6.062,9.421,0.000,1.563
316,÷–∆Ã∑€,9.421,0.000,6.055,9.451,0.000,1.160
317,÷–∆Ã∑€,9.451,0.000,6.044,9.481,0.000,1.039
318,÷–∆Ã∑€,9.481,0.000,6.047,9.511,0.000,1.768
319,÷–∆Ã∑€,9.511,0.000,6.050,9.541,0.000,1.074
320,÷–∆Ã∑€,9.541,0.000,6.055,9.571,0.000,1.138
321,÷–∆Ã∑€,9.571,0.000,6.063,9.601,0.000,1.769
322,÷–∆Ã∑€,9.601,0.000,6.062,9.631,0.000,2.730
323,÷–∆Ã∑€,9.631,0.000,6.061,9.661,0.000,2.105
324,÷–∆Ã∑€,9.661,0.000,6.060,9.691,0.000,1.996
325,÷–∆Ã∑€,9.691,0.000,6.048,9.721,0.000,2.174
326,÷–∆Ã∑€,9.721,0.000,6.047,9.751,0.000,2.769
327,÷–∆Ã∑€,9.751,0.000,6.051,9.781,0.000,1.855
328,÷–∆Ã∑€,9.781,0.000,6.062,9.811,0.000,1.989
329,÷–∆Ã∑€,9.811,0.000,6.063,9.841,0.000,0.718
330,÷–∆Ã∑€,9.841,0.000,6.056,9.871,0.000,0.863
331,÷–∆Ã∑€,9.871,0.000,6.060,9.901,0.000,0.998
332,÷–∆Ã∑€,9.901,0.000,6.056,9.931,0.000,1.083
333,÷–∆Ã∑€,9.931,0.000,6.049,9.961,0.000,1.146
334,÷–∆Ã∑€,9.961,0.000,6.063,9.991,0.000,0.887
335,÷–∆Ã∑€,9.991,0.000,6.063,10.021,0.000,2.111
336,÷–∆Ã∑€,10.021,0.000,6.041,10.051,0.000,1.846
337,÷–∆Ã∑€,10.051,0.000,6.056,10.081,0.000,1.919
338,÷–∆Ã∑€,10.081,0.000,6.061,10.111,0.000,0.993
339,÷–∆Ã∑€,10.111,0.000,6.047,10.141,0.000,1.270
340,÷–∆Ã∑€,10.141,0.000,6.042,10.171,0.000,2.649
341,÷–∆Ã∑€,10.171,0.000,6.046,10.201,0.000,2.619
342,÷–∆Ã∑€,10.201,0.000,6.066,10.231,0.000,2.059
343,÷–∆Ã∑€,10.231,0.000,6.074,10.261,0.000,1.628
344,÷–∆Ã∑€,10.261,0.000,6.071,10.291,0.000,1.853
345,÷–∆Ã∑€,10.291,0.000,6.054,10.321,0.000,0.646
346,÷–∆Ã∑€,10.321,0.000,6.062,10.351,0.000,2.016
347,÷–∆Ã∑€,10.351,0.000,6.055,10.381,0.000,1.450
348,÷–∆Ã∑€,10.381,0.000,6.048,10.411,0.000,1.306
349,÷–∆Ã∑€,10.411,0.000,6.049,10.441,0.000,2.126
350,÷–∆Ã∑€,10.441,0.000,6.049,10.471,0.000,0.627
351,÷–∆Ã∑€,10.471,0.000,6.060,10.501,0.000,1.695
352,÷–∆Ã∑€,10.501,0.000,6.050,10.531,0.000,1.827
353,÷–∆Ã∑€,10.531,0.000,6.071,10.561,0.000,1.204
354,÷–∆Ã∑€,10.561,0.000,6.049,10.591,0.000,1.883
355,÷–∆Ã∑€,10.591,0.000,6.056,10.621,0.000,1.454
356,÷–∆Ã∑€,10.621,0.000,6.056,10.651,0.000,1.849
357,÷–∆Ã∑€,10.651,0.000,6.072,10.681,0.000,1.246
358,÷–∆Ã∑€,10.681,0.000,6.063,10.711,0.000,0.697
359,÷–∆Ã∑€,10.711,0.000,6.056,10.741,0.000,2.046
360,÷–∆Ã∑€,10.741,0.000,6.068,10.771,0.000,1.087
361,÷–∆Ã∑€,10.771,0.000,6.050,10.801,0.000,2.079
362,÷–∆Ã∑€,10.801,0.000,6.056,10.831,0.000,1.817
363,÷–∆Ã∑€,10.831,0.000,6.061,10.861,0.000,1.258
364,÷–∆Ã∑€,10.861,0.000,6.061,10.891,0.000,1.380
365,÷–∆Ã∑€,10.891,0.000,6.051,10.921,0.000,1.684
366,÷–∆Ã∑€,10.921,0.000,6.047,10.951,0.000,0.551
367,÷–∆Ã∑€,10.951,0.000,6.055,10.981,0.000,0.968
368,÷–∆Ã∑€,10.981,0.000,6.047,11.011,0.000,0.893
369,÷–∆Ã∑€,11.011,0.000,6.048,11.041,0.000,0.286
370,÷–∆Ã∑€,11.041,0.000,6.060,11.071,0.000,1.137
371,÷–∆Ã∑€,11.071,0.000,6.047,11.101,0.000,2.234
372,÷–∆Ã∑€,11.101,0.000,6.074,11.131,0.000,1.485
373,÷–∆Ã∑€,11.131,0.000,6.056,11.161,0.000,1.860
374,÷–∆Ã∑€,11.161,0.000,6.047,11.191,0.000,2.128
375,÷–∆Ã∑€,11.191,0.000,6.044,11.221,0.000,2.127
376,÷–∆Ã∑€,11.221,0.000,6.048,11.251,0.000,1.194
377,÷–∆Ã∑€,11.251,0.000,6.046,11.281,0.000,1.464
378,÷–∆Ã∑€,11.281,0.000,6.072,11.311,0.000,1.360
379,÷–∆Ã∑€,11.311,0.000,6.061,11.341,0.000,1.305
380,÷–∆Ã∑€,11.341,0.000,6.056,11.371,0.000,0.585
381,÷–∆Ã∑€,11.371,0.000,6.062,11.401,0.000,0.667
382,÷–∆Ã∑€,11.401,0.000,6.067,11.431,0.000,1.196
383,÷–∆Ã∑€,11.431,0.000,6.061,11.461,0.000,2.224
384,÷–∆Ã∑€,11.461,0.000,6.050,11.491,0.000,1.173
385,÷–∆Ã∑€,11.491,0.000,6.043,11.521,0.000,2.096
386,÷–∆Ã∑€,11.521,0.000,6.057,11.551,0.000,1.475
387,÷–∆Ã∑€,11.551,0.000,6.055,11.581,0.000,1.344
388,÷–∆Ã∑€,11.581,0.000,6.061,11.611,0.000,2.747
389,÷–∆Ã∑€,11.611,0.000,6.061,11.641,0.000,0.924
390,÷–∆Ã∑€,11.641,0.000,6.055,11.671,0.000,1.698
391,÷–∆Ã∑€,11.671,0.000,6.043,11.701,0.000,1.477
392,÷–∆Ã∑€,11.701,0.000,6.048,11.731,0.000,0.669
393,÷–∆Ã∑€,11.731,0.000,6.051,11.761,0.000,1.332
394,÷–∆Ã∑€,11.761,0.000,6.057,11.791,0.000,1.263
395,÷–∆Ã∑€,11.791,0.000,6.044,11.821,0.000,1.503
396,÷–∆Ã∑€,11.821,0.000,6.063,11.851,0.000,1.619
397,÷–∆Ã∑€,11.851,0.000,6.064,11.881,0.000,0.531
398,÷–∆Ã∑€,11.881,0.000,6.067,11.911,0.000,1.957
399,÷–∆Ã∑€,11.911,0.000,6.056,11.941,0.000,2.586
400,÷–∆Ã∑€,11.941,0.000,6.063,11.971,0.000,0.701
401,÷–∆Ã∑€,11.971,0.000,6.045,12.001,0.000,1.291
402,÷–∆Ã∑€,12.001,0.000,6.046,12.031,0.000,1.217
403,÷–∆Ã∑€,12.031,0.000,6.058,12.061,0.000,0.633
404,÷–∆Ã∑€,12.061,0.000,6.072,12.091,0.000,2.585
405,÷–∆Ã∑€,12.091,0.000,6.052,12.121,0.000,1.921
406,÷–∆Ã∑€,12.121,0.000,6.063,12.151,0.000,0.631
407,÷–∆Ã∑€,12.151,0.000,6.055,12.181,0.000,1.745
408,÷–∆Ã∑€,12.181,0.000,6.049,12.211,0.000,1.712
409,÷–∆Ã∑€,12.211,0.000,6.048,12.241,0.000,2.249
410,÷–∆Ã∑€,12.241,0.000,6.047,12.271,0.000,1.530
411,÷–∆Ã∑€,12.271,0.000,6.060,12.301,0.000,0.670
412,÷–∆Ã∑€,12.301,0.000,6.057,12.331,0.000,1.507
413,÷–∆Ã∑€,12.331,0.000,6.052,12.361,0.000,0.800
414,÷–∆Ã∑€,12.361,0.000,6.060,12.391,0.000,0.895
415,÷–∆Ã∑€,12.391,0.000,6.062,12.421,0.000,0.525
416,÷–∆Ã∑€,12.421,0.000,6.056,12.451,0.000,0.744
417,÷–∆Ã∑€,12.451,0.000,6.055,12.481,0.000,0.474
418,÷–∆Ã∑€,12.481,0.000,6.055,12.511,0.000,0.586
419,÷–∆Ã∑€,12.511,0.000,6.047,12.541,0.000,0.654
420,÷–∆Ã∑€,12.541,0.000,6.056,12.571,0.000,1.485
421,÷–∆Ã∑€,12.571,0.000,6.058,12.601,0.000,0.600
422,÷–∆Ã∑€,12.601,0.000,6.060,12.631,0.000,1.127
423,÷–∆Ã∑€,12.631,0.000,6.062,12.661,0.000,1.901
424,÷–∆Ã∑€,12.661,0.000,6.059,12.691,0.000,0.610
425,÷–∆Ã∑€,12.691,0.000,6.056,12.721,0.000,0.680
426,÷–∆Ã∑€,12.721,0.000,6.053,12.751,0.000,0.834
427,÷–∆Ã∑€,12.751,0.000,6.061,12.781,0.000,1.426
428,÷–∆Ã∑€,12.781,0.000,6.046,12.811,0.000,1.195
429,÷–∆Ã∑€,12.811,0.000,6.054,12.841,0.000,0.915
430,÷–∆Ã∑€,12.841,0.000,6.052,12.871,0.000,1.745
431,÷–∆Ã∑€,12.871,0.000,6.051,12.901,0.000,1.026
432,÷–∆Ã∑€,12.901,0.000,6.054,12.931,0.000,1.172
433,÷–∆Ã∑€,12.931,0.000,6.056,12.961,0.000,0.985
434,÷–∆Ã∑€,12.961,0.000,6.064,12.991,0.000,2.066
435,÷–∆Ã∑€,12.991,0.000,6.046,13.021,0.000,2.692
436,÷–∆Ã∑€,13.021,0.000,6.062,13.051,0.000,1.621
437,÷–∆Ã∑€,13.051,0.000,6.071,13.081,0.000,1.091
438,÷–∆Ã∑€,13.081,0.000,6.055,13.111,0.000,1.140
439,÷–∆Ã∑€,13.111,0.000,6.047,13.141,0.000,1.025
440,÷–∆Ã∑€,13.141,0.000,6.052,13.171,0.000,0.516
441,÷–∆Ã∑€,13.171,0.000,6.051,13.201,0.000,1.204
442,÷–∆Ã∑€,13.201,0.000,6.051,13.231,0.000,1.099
443,÷–∆Ã∑€,13.231,0.000,6.047,13.261,0.000,0.373
444,÷–∆Ã∑€,13.261,0.000,6.055,13.291,0.000,1.294
445,÷–∆Ã∑€,13.291,0.000,6.058,13.321,0.000,0.495
446,÷–∆Ã∑€,13.321,0.000,6.063,13.351,0.000,1.455
447,÷–∆Ã∑€,13.351,0.000,6.043,13.381,0.000,1.117
448,÷–∆Ã∑€,13.381,0.000,6.053,13.411,0.000,1.436
449,÷–∆Ã∑€,13.411,0.000,6.045,13.441,0.000,1.337
450,÷–∆Ã∑€,13.441,0.000,6.055,13.471,0.000,2.751
451,÷–∆Ã∑€,13.471,0.000,6.072,13.501,0.000,0.569
452,÷–∆Ã∑€,13.501,0.000,6.052,13.531,0.000,2.089
453,÷–∆Ã∑€,13.531,0.000,6.061,13.561,0.000,1.502
454,÷–∆Ã∑€,13.561,0.000,6.053,13.591,0.000,1.449
455,÷–∆Ã∑€,13.591,0.000,6.062,13.621,0.000,1.434
456,÷–∆Ã∑€,13.621,0.000,6.045,13.651,0.000,1.031
457,÷–∆Ã∑€,13.651,0.000,6.073,13.681,0.000,0.502
458,÷–∆Ã∑€,13.681,0.000,6.049,13.711,0.000,2.682
459,÷–∆Ã∑€,13.711,0.000,6.058,13.741,0.000,1.288
460,÷–∆Ã∑€,13.741,0.000,6.046,13.771,0.000,1.771
461,÷–∆Ã∑€,13.771,0.000,6.061,13.801,0.000,1.566
462,÷–∆Ã∑€,13.801,0.000,6.062,13.831,0.000,2.134
463,÷–∆Ã∑€,13.831,0.000,6.068,13.861,0.000,1.058
464,÷–∆Ã∑€,13.861,0.000,6.060,13.891,0.000,1.076
465,÷–∆Ã∑€,13.891,0.000,6.064,13.921,0.000,1.335
466,÷–∆Ã∑€,13.921,0.000,6.047,13.951,0.000,0.923
467,÷–∆Ã∑€,13.951,0.000,6.059,13.981,0.000,2.668
468,÷–∆Ã∑€,13.981,0.000,6.057,14.011,0.000,2.309
469,÷–∆Ã∑€,14.011,0.000,6.049,14.041,0.000,1.964
470,÷–∆Ã∑€,14.041,0.000,6.053,14.071,0.000,1.236
471,÷–∆Ã∑€,14.071,0.000,6.057,14.101,0.000,1.536
472,÷–∆Ã∑€,14.101,0.000,6.052,14.131,0.000,2.443
473,÷–∆Ã∑€,14.131,0.000,6.058,14.161,0.000,1.334
474,÷–∆Ã∑€,14.161,0.000,6.056,14.191,0.000,2.186
475,÷–∆Ã∑€,14.191,0.000,6.056,14.221,0.000,1.831
476,÷–∆Ã∑€,14.221,0.000,6.056,14.251,0.000,0.994
477,÷–∆Ã∑€,14.251,0.000,6.061,14.281,0.000,1.765
478,÷–∆Ã∑€,14.281,0.000,6.054,14.311,0.000,1.065
479,÷–∆Ã∑€,14.311,0.000,6.056,14.341,0.000,1.151
480,÷–∆Ã∑€,14.341,0.000,6.061,14.371,0.000,1.368
481,÷–∆Ã∑€,14.371,0.000,6.055,14.401,0.000,0.730
482,÷–∆Ã∑€,14.401,0.000,6.061,14.431,0.000,2.079
483,÷–∆Ã∑€,14.431,0.000,6.064,14.461,0.000,2.014
484,÷–∆Ã∑€,14.461,0.000,6.052,14.491,0.000,0.370
485,÷–∆Ã∑€,14.491,0.000,6.051,14.521,0.000,1.240
486,÷–∆Ã∑€,14.521,0.000,6.060,14.551,0.000,1.817
487,÷–∆Ã∑€,14.551,0.000,6.055,14.581,0.000,1.128
488,÷–∆Ã∑€,14.581,0.000,6.055,14.611,0.000,1.503
489,÷–∆Ã∑€,14.611,0.000,6.061,14.641,0.000,2.496
490,÷–∆Ã∑€,14.641,0.000,6.060,14.671,0.000,2.239
491,÷–∆Ã∑€,14.671,0.000,6.046,14.701,0.000,1.105
492,÷–∆Ã∑€,14.701,0.000,6.057,14.731,0.000,2.169
493,÷–∆Ã∑€,14.731,0.000,6.065,14.761,0.000,1.638
494,÷–∆Ã∑€,14.761,0.000,6.057,14.791,0.000,1.709
495,÷–∆Ã∑€,14.791,0.000,6.058,14.821,0.000,1.304
496,÷–∆Ã∑€,14.821,0.000,6.061,14.851,0.000,0.970
497,÷–∆Ã∑€,14.851,0.000,6.053,14.881,0.000,1.261
498,÷–∆Ã∑€,14.881,0.000,6.050,14.911,0.000,2.028
499,÷–∆Ã∑€,14.911,0.000,6.055,14.941,0.000,1.348
500,÷–∆Ã∑€,14.941,0.000,6.052,14.971,0.000,1.689
501,÷–∆Ã∑€,14.971,0.000,6.047,15.001,0.000,2.492
502,÷–∆Ã∑€,15.001,0.000,6.047,15.031,0.000,2.103
503,÷–∆Ã∑€,15.031,0.000,6.055,15.061,0.000,1.148
504,÷–∆Ã∑€,15.061,0.000,6.056,15.091,0.000,2.736
505,÷–∆Ã∑€,15.091,0.000,6.071,15.121,0.000,1.956
506,÷–∆Ã∑€,15.121,0.000,6.050,15.151,0.000,1.795
507,÷–∆Ã∑€,15.151,0.000,6.055,15.181,0.000,2.678
508,÷–∆Ã∑€,15.181,0.000,6.047,15.211,0.000,1.179
509,÷–∆Ã∑€,15.211,0.000,6.051,15.241,0.000,1.296
510,÷–∆Ã∑€,15.241,0.000,6.061,15.271,0.000,1.447
511,÷–∆Ã∑€,15.271,0.000,6.050,15.301,0.000,1.181
512,÷–∆Ã∑€,15.301,0.000,6.057,15.331,0.000,1.447
513,÷–∆Ã∑€,15.331,0.000,6.058,15.361,0.000,2.118
514,÷–∆Ã∑€,15.361,0.000,6.056,15.391,0.000,2.045
515,÷–∆Ã∑€,15.391,0.000,6.051,15.421,0.000,0.627
516,÷–∆Ã∑€,15.421,0.000,6.050,15.451,0.000,0.633
517,÷–∆Ã∑€,15.451,0.000,6.060,15.481,0.000,2.028
518,÷–∆Ã∑€,15.481,0.000,6.050,15.511,0.000,1.446
519,÷–∆Ã∑€,15.511,0.000,6.054,15.541,0.000,2.122
520,÷–∆Ã∑€,15.541,0.000,6.048,15.571,0.000,1.796
521,÷–∆Ã∑€,15.571,0.000,6.064,15.601,0.000,0.701
522,÷–∆Ã∑€,15.601,0.000,6.056,15.631,0.000,2.031
523,÷–∆Ã∑€,15.631,0.000,6.062,15.661,0.000,2.099
524,÷–∆Ã∑€,15.661,0.000,6.045,15.691,0.000,1.094
525,÷–∆Ã∑€,15.691,0.000,6.057,15.721,0.000,0.985
526,÷–∆Ã∑€,15.721,0.000,6.049,15.751,0.000,1.352
527,÷–∆Ã∑€,15.751,0.000,6.063,15.781,0.000,0.714
528,÷–∆Ã∑€,15.781,0.000,6.051,15.811,0.000,1.332
529,÷–∆Ã∑€,15.811,0.000,6.060,15.841,0.000,0.536
530,÷–∆Ã∑€,15.841,0.000,6.050,15.871,0.000,1.255
531,÷–∆Ã∑€,15.871,0.000,6.050,15.901,0.000,2.092
532,÷–∆Ã∑€,15.901,0.000,6.044,15.931,0.000,1.077
533,÷–∆Ã∑€,15.931,0.000,6.073,15.961,0.000,1.574
534,÷–∆Ã∑€,15.961,0.000,6.048,15.991,0.000,0.739
535,÷–∆Ã∑€,15.991,0.000,6.047,16.021,0.000,1.795
536,÷–∆Ã∑€,16.021,0.000,6.052,16.051,0.000,2.059
537,÷–∆Ã∑€,16.051,0.000,6.062,16.081,0.000,1.661
538,÷–∆Ã∑€,16.081,0.000,6.045,16.111,0.000,0.458
539,÷–∆Ã∑€,16.111,0.000,6.056,16.141,0.000,1.821
540,÷–∆Ã∑€,16.141,0.000,6.058,16.171,0.000,0.345
541,÷–∆Ã∑€,16.171,0.000,6.062,16.201,0.000,0.923
542,÷–∆Ã∑€,16.201,0.000,6.061,16.231,0.000,1.700
543,÷–∆Ã∑€,16.231,0.000,6.069,16.261,0.000,1.334
544,÷–∆Ã∑€,16.261,0.000,6.043,16.291,0.000,0.739
545,÷–∆Ã∑€,16.291,0.000,6.049,16.321,0.000,2.709
546,÷–∆Ã∑€,16.321,0.000,6.056,16.351,0.000,1.913
547,÷–∆Ã∑€,16.351,0.000,6.049,16.381,0.000,1.822
548,÷–∆Ã∑€,16.381,0.000,6.065,16.411,0.000,0.822
549,÷–∆Ã∑€,16.411,0.000,6.046,16.441,0.000,1.470
550,÷–∆Ã∑€,16.441,0.000,6.048,16.471,0.000,0.454
551,÷–∆Ã∑€,16.471,0.000,6.060,16.501,0.000,0.809
552,÷–∆Ã∑€,16.501,0.000,6.060,16.531,0.000,0.990
553,÷–∆Ã∑€,16.531,0.000,6.061,16.561,0.000,1.604
554,÷–∆Ã∑€,16.561,0.000,6.045,16.591,0.000,2.047
555,÷–∆Ã∑€,16.591,0.000,6.051,16.621,0.000,2.626
556,÷–∆Ã∑€,16.621,0.000,6.061,16.651,0.000,2.073
557,÷–∆Ã∑€,16.651,0.000,6.047,16.681,0.000,0.922
558,÷–∆Ã∑€,16.681,0.000,6.050,16.711,0.000,0.627
559,÷–∆Ã∑€,16.711,0.000,6.069,16.741,0.000,1.803
560,÷–∆Ã∑€,16.741,0.000,6.063,16.771,0.000,0.914
561,÷–∆Ã∑€,16.771,0.000,6.052,16.801,0.000,1.194
562,÷–∆Ã∑€,16.801,0.000,6.059,16.831,0.000,2.537
563,÷–∆Ã∑€,16.831,0.000,6.060,16.861,0.000,1.150
564,÷–∆Ã∑€,16.861,0.000,6.062,16.891,0.000,2.096
565,÷–∆Ã∑€,16.891,0.000,6.052,16.921,0.000,1.691
566,÷–∆Ã∑€,16.921,0.000,6.063,16.951,0.000,0.732
567,÷–∆Ã∑€,16.951,0.000,6.063,16.981,0.000,1.680
568,÷–∆Ã∑€,16.981,0.000,6.067,17.011,0.000,2.072
569,÷–∆Ã∑€,17.011,0.000,6.067,17.041,0.000,1.286
570,÷–∆Ã∑€,17.041,0.000,6.057,17.071,0.000,1.801
571,÷–∆Ã∑€,17.071,0.000,6.056,17.101,0.000,1.299
572,÷–∆Ã∑€,17.101,0.000,6.057,17.131,0.000,1.846
573,÷–∆Ã∑€,17.131,0.000,6.056,17.161,0.000,1.730
574,÷–∆Ã∑€,17.161,0.000,6.064,17.191,0.000,0.947
575,÷–∆Ã∑€,17.191,0.000,6.063,17.221,0.000,1.421
576,÷–∆Ã∑€,17.221,0.000,6.052,17.251,0.000,0.953
577,÷–∆Ã∑€,17.251,0.000,6.061,17.281,0.000,1.831
578,÷–∆Ã∑€,17.281,0.000,6.057,17.311,0.000,0.761
579,÷–∆Ã∑€,17.311,0.000,6.050,17.341,0.000,1.931
580,÷–∆Ã∑€,17.341,0.000,6.063,17.371,0.000,0.554
581,÷–∆Ã∑€,17.371,0.000,6.074,17.401,0.000,2.191
582,÷–∆Ã∑€,17.401,0.000,6.048,17.431,0.000,0.979
583,÷–∆Ã∑€,17.431,0.000,6.062,17.461,0.000,1.107
584,÷–∆Ã∑€,17.461,0.000,6.050,17.491,0.000,1.206
585,÷–∆Ã∑€,17.491,0.000,6.063,17.521,0.000,1.282
586,÷–∆Ã∑€,17.521,0.000,6.071,17.551,0.000,2.730
587,÷–∆Ã∑€,17.551,0.000,6.045,17.581,0.000,0.584
588,÷–∆Ã∑€,17.581,0.000,6.048,17.611,0.000,1.276
589,÷–∆Ã∑€,17.611,0.000,6.065,17.641,0.000,1.622
590,÷–∆Ã∑€,17.641,0.000,6.061,17.671,0.000,0.329
591,÷–∆Ã∑€,17.671,0.000,6.044,17.701,0.000,1.434
592,÷–∆Ã∑€,17.701,0.000,6.050,17.731,0.000,0.723
593,÷–∆Ã∑€,17.731,0.000,6.071,17.761,0.000,1.243
594,÷–∆Ã∑€,17.761,0.000,6.055,17.791,0.000,1.670
595,÷–∆Ã∑€,17.791,0.000,6.071,17.821,0.000,0.582
596,÷–∆Ã∑€,17.821,0.000,6.043,17.851,0.000,2.381
597,÷–∆Ã∑€,17.851,0.000,6.060,17.881,0.000,1.339
598,÷–∆Ã∑€,17.881,0.000,6.072,17.911,0.000,2.601
599,÷–∆Ã∑€,17.911,0.000,6.061,17.941,0.000,1.838
600,÷–∆Ã∑€,17.941,0.000,6.062,17.971,0.000,1.893
601,÷–∆Ã∑€,17.971,0.000,6.055,18.001,0.000,0.616
602,÷–∆Ã∑€,18.001,0.000,6.055,18.031,0.000,0.945
603,÷–∆Ã∑€,18.031,0.000,6.054,18.061,0.000,1.024
604,÷–∆Ã∑€,18.061,0.000,6.065,18.091,0.000,1.375
605,÷–∆Ã∑€,18.091,0.000,6.060,18.121,0.000,1.233
606,÷–∆Ã∑€,18.121,0.000,6.054,18.151,0.000,1.730
607,÷–∆Ã∑€,18.151,0.000,6.052,18.181,0.000,1.783
608,÷–∆Ã∑€,18.181,0.000,6.046,18.211,0.000,1.125
609,÷–∆Ã∑€,18.211,0.000,6.046,18.241,0.000,1.520
610,÷–∆Ã∑€,18.241,0.000,6.045,18.271,0.000,2.599
611,÷–∆Ã∑€,18.271,0.000,6.043,18.301,0.000,1.541
612,÷–∆Ã∑€,18.301,0.000,6.055,18.331,0.000,1.707
613,÷–∆Ã∑€,18.331,0.000,6.046,18.361,0.000,1.666
614,÷–∆Ã∑€,18.361,0.000,6.058,18.391,0.000,0.582
615,÷–∆Ã∑€,18.391,0.000,6.059,18.421,0.000,1.255
616,÷–∆Ã∑€,18.421,0.000,6.051,18.451,0.000,1.074
617,÷–∆Ã∑€,18.451,0.000,6.050,18.481,0.000,2.041
618,÷–∆Ã∑€,18.481,0.000,6.055,18.511,0.000,1.878
619,÷–∆Ã∑€,18.511,0.000,6.061,18.541,0.000,1.601
620,÷–∆Ã∑€,18.541,0.000,6.070,18.571,0.000,0.587
621,÷–∆Ã∑€,18.571,0.000,6.054,18.601,0.000,2.074
622,÷–∆Ã∑€,18.601,0.000,6.045,18.631,0.000,2.019
623,÷–∆Ã∑€,18.631,0.000,6.057,18.661,0.000,0.791
624,÷–∆Ã∑€,18.661,0.000,6.049,18.691,0.000,1.019
625,÷–∆Ã∑€,18.691,0.000,6.052,18.721,0.000,2.260
626,÷–∆Ã∑€,18.721,0.000,6.045,18.751,0.000,0.567
627,÷–∆Ã∑€,18.751,0.000,6.050,18.781,0.000,0.351
628,÷–∆Ã∑€,18.781,0.000,6.046,18.811,0.000,2.062
629,÷–∆Ã∑€,18.811,0.000,6.056,18.841,0.000,1.235
630,÷–∆Ã∑€,18.841,0.000,6.056,18.871,0.000,0.678
631,÷–∆Ã∑€,18.871,0.000,6.052,18.901,0.000,1.594
632,÷–∆Ã∑€,18.901,0.000,6.046,18.931,0.000,1.663
633,÷–∆Ã∑€,18.931,0.000,6.044,18.961,0.000,0.255
634,÷–∆Ã∑€,18.961,0.000,6.047,18.991,0.000,1.245
635,÷–∆Ã∑€,18.991,0.000,6.054,19.021,0.000,1.777
636,÷–∆Ã∑€,19.021,0.000,6.060,19.051,0.000,1.004
637,÷–∆Ã∑€,19.051,0.000,6.065,19.081,0.000,1.717
638,÷–∆Ã∑€,19.081,0.000,6.047,19.111,0.000,1.186
639,÷–∆Ã∑€,19.111,0.000,6.057,19.141,0.000,1.632
640,÷–∆Ã∑€,19.141,0.000,6.049,19.171,0.000,0.837
641,÷–∆Ã∑€,19.171,0.000,6.049,19.201,0.000,1.785
642,÷–∆Ã∑€,19.201,0.000,6.060,19.231,0.000,1.648
643,÷–∆Ã∑€,19.231,0.000,6.049,19.261,0.000,2.705
644,÷–∆Ã∑€,19.261,0.000,6.054,19.291,0.000,0.470
645,÷–∆Ã∑€,19.291,0.000,6.058,19.321,0.000,1.349
646,÷–∆Ã∑€,19.321,0.000,6.047,19.351,0.000,1.533
647,÷–∆Ã∑€,19.351,0.000,6.069,19.381,0.000,1.598
648,÷–∆Ã∑€,19.381,0.000,6.064,19.411,0.000,1.141
649,÷–∆Ã∑€,19.411,0.000,6.050,19.441,0.000,1.220
650,÷–∆Ã∑€,19.441,0.000,6.045,19.471,0.000,2.385
651,÷–∆Ã∑€,19.471,0.000,6.062,19.501,0.000,0.555
652,÷–∆Ã∑€,19.501,0.000,6.054,19.531,0.000,2.424
653,÷–∆Ã∑€,19.531,0.000,6.049,19.561,0.000,0.882
654,÷–∆Ã∑€,19.561,0.000,6.063,19.591,0.000,1.548
655,÷–∆Ã∑€,19.591,0.000,6.046,19.621,0.000,1.550
656,÷–∆Ã∑€,19.621,0.000,6.044,19.651,0.000,2.540
657,÷–∆Ã∑€,19.651,0.000,6.049,19.681,0.000,2.267
658,÷–∆Ã∑€,19.681,0.000,6.069,19.711,0.000,2.087
659,÷–∆Ã∑€,19.711,0.000,6.049,19.741,0.000,2.135
660,÷–∆Ã∑€,19.741,0.000,6.061,19.771,0.000,1.105
661,÷–∆Ã∑€,19.771,0.000,6.057,19.801,0.000,1.574
662,÷–∆Ã∑€,19.801,0.000,6.062,19.831,0.000,2.668
663,÷–∆Ã∑€,19.831,0.000,6.066,19.861,0.000,1.978
664,÷–∆Ã∑€,19.861,0.000,6.048,19.891,0.000,1.293
665,÷–∆Ã∑€,19.891,0.000,6.047,19.921,0.000,1.492
666,÷–∆Ã∑€,19.921,0.000,6.062,19.951,0.000,0.367
667,÷–∆Ã∑€,19.951,0.000,6.058,19.981,0.000,2.152
668,÷–∆Ã∑€,19.981,0.000,6.062,20.011,0.000,0.970
669,÷–∆Ã∑€,20.011,0.000,6.056,20.041,0.000,2.059
670,÷–∆Ã∑€,20.041,0.000,6.045,20.071,0.000,1.502
671,÷–∆Ã∑€,20.071,0.000,6.047,20.101,0.000,1.455
672,÷–∆Ã∑€,20.101,0.000,6.057,20.131,0.000,0.863
673,÷–∆Ã∑€,20.131,0.000,6.049,20.161,0.000,2.042
674,÷–∆Ã∑€,20.161,0.000,6.052,20.191,0.000,0.431
675,÷–∆Ã∑€,20.191,0.000,6.049,20.221,0.000,1.636
676,÷–∆Ã∑€,20.221,0.000,6.062,20.251,0.000,0.928
677,÷–∆Ã∑€,20.251,0.000,6.047,20.281,0.000,0.669
678,÷–∆Ã∑€,20.281,0.000,6.049,20.311,0.000,1.311
679,÷–∆Ã∑€,20.311,0.000,6.057,20.341,0.000,0.829
680,÷–∆Ã∑€,20.341,0.000,6.054,20.371,0.000,1.149
681,÷–∆Ã∑€,20.371,0.000,6.062,20.401,0.000,1.173
682,÷–∆Ã∑€,20.401,0.000,6.065,20.431,0.000,1.346
683,÷–∆Ã∑€,20.431,0.000,6.054,20.461,0.000,1.147
684,÷–∆Ã∑€,20.461,0.000,6.056,20.491,0.000,1.566
685,÷–∆Ã∑€,20.491,0.000,6.051,20.521,0.000,1.615
686,÷–∆Ã∑€,20.521,0.000,6.068,20.551,0.000,0.996
687,÷–∆Ã∑€,20.551,0.000,6.070,20.581,0.000,1.826
688,÷–∆Ã∑€,20.581,0.000,6.051,20.611,0.000,1.414
689,÷–∆Ã∑€,20.611,0.000,6.062,20.641,0.000,1.216
690,÷–∆Ã∑€,20.641,0.000,6.049,20.671,0.000,1.118
691,÷–∆Ã∑€,20.671,0.000,6.063,20.701,0.000,2.082
692,÷–∆Ã∑€,20.701,0.000,6.064,20.731,0.000,1.084
693,÷–∆Ã∑€,20.731,0.000,6.063,20.761,0.000,1.553
694,÷–∆Ã∑€,20.761,0.000,6.069,20.791,0.000,1.673
695,÷–∆Ã∑€,20.791,0.000,6.047,20.821,0.000,1.906
696,÷–∆Ã∑€,20.821,0.000,6.060,20.851,0.000,1.026
697,÷–∆Ã∑€,20.851,0.000,6.056,20.881,0.000,1.929
698,÷–∆Ã∑€,20.881,0.000,6.048,20.911,0.000,0.893
699,÷–∆Ã∑€,20.911,0.000,6.053,20.941,0.000,1.135
700,÷–∆Ã∑€,20.941,0.000,6.058,20.971,0.000,1.032
701,÷–∆Ã∑€,20.971,0.000,6.071,21.001,0.000,1.445
702,÷–∆Ã∑€,21.001,0.000,6.061,21.031,0.000,1.428
703,÷–∆Ã∑€,21.031,0.000,6.057,21.061,0.000,2.127
704,÷–∆Ã∑€,21.061,0.000,6.060,21.091,0.000,0.697
705,÷–∆Ã∑€,21.091,0.000,6.048,21.121,0.000,0.760
706,÷–∆Ã∑€,21.121,0.000,6.052,21.151,0.000,1.226
707,÷–∆Ã∑€,21.151,0.000,6.054,21.181,0.000,1.166
708,÷–∆Ã∑€,21.181,0.000,6.062,21.211,0.000,1.220
709,÷–∆Ã∑€,21.211,0.000,6.045,21.241,0.000,2.114
710,÷–∆Ã∑€,21.241,0.000,6.056,21.271,0.000,1.537
711,÷–∆Ã∑€,21.271,0.000,6.047,21.301,0.000,0.905
712,÷–∆Ã∑€,21.301,0.000,6.048,21.331,0.000,0.893
713,÷–∆Ã∑€,21.331,0.000,6.069,21.361,0.000,1.631
714,÷–∆Ã∑€,21.361,0.000,6.050,21.391,0.000,0.513
715,÷–∆Ã∑€,21.391,0.000,6.051,21.421,0.000,0.512
716,÷–∆Ã∑€,21.421,0.000,6.068,21.451,0.000,2.767
717,÷–∆Ã∑€,21.451,0.000,6.048,21.481,0.000,1.789
718,÷–∆Ã∑€,21.481,0.000,6.049,21.511,0.000,1.317
719,÷–∆Ã∑€,21.511,0.000,6.045,21.541,0.000,1.211
720,÷–∆Ã∑€,21.541,0.000,6.055,21.571,0.000,2.705
721,÷–∆Ã∑€,21.571,0.000,6.060,21.601,0.000,2.017
722,÷–∆Ã∑€,21.601,0.000,6.051,21.631,0.000,0.500
723,÷–∆Ã∑€,21.631,0.000,6.051,21.661,0.000,1.694
724,÷–∆Ã∑€,21.661,0.000,6.044,21.691,0.000,2.076
725,÷–∆Ã∑€,21.691,0.000,6.064,21.721,0.000,1.541
726,÷–∆Ã∑€,21.721,0.000,6.070,21.751,0.000,0.815
727,÷–∆Ã∑€,21.751,0.000,6.045,21.781,0.000,1.860
728,÷–∆Ã∑€,21.781,0.000,6.050,21.811,0.000,0.707
729,÷–∆Ã∑€,21.811,0.000,6.056,21.841,0.000,0.454
730,÷–∆Ã∑€,21.841,0.000,6.045,21.871,0.000,0.444
731,÷–∆Ã∑€,21.871,0.000,6.058,21.901,0.000,1.958
732,÷–∆Ã∑€,21.901,0.000,6.051,21.931,0.000,1.178
733,÷–∆Ã∑€,21.931,0.000,6.056,21.961,0.000,0.572
734,÷–∆Ã∑€,21.961,0.000,6.054,21.991,0.000,0.678
735,÷–∆Ã∑€,21.991,0.000,6.048,22.021,0.000,2.705
736,÷–∆Ã∑€,22.021,0.000,6.055,22.051,0.000,0.438
737,÷–∆Ã∑€,22.051,0.000,6.048,22.081,0.000,0.446
738,÷–∆Ã∑€,22.081,0.000,6.051,22.111,0.000,1.651
739,÷–∆Ã∑€,22.111,0.000,6.068,22.141,0.000,1.404
740,÷–∆Ã∑€,22.141,0.000,6.048,22.171,0.000,0.600
741,÷–∆Ã∑€,22.171,0.000,6.057,22.201,0.000,0.870
742,÷–∆Ã∑€,22.201,0.000,6.049,22.231,0.000,0.850
743,÷–∆Ã∑€,22.231,0.000,6.054,22.261,0.000,1.844
744,÷–∆Ã∑€,22.261,0.000,6.051,22.291,0.000,1.263
745,÷–∆Ã∑€,22.291,0.000,6.047,22.321,0.000,1.442
746,÷–∆Ã∑€,22.321,0.000,6.052,22.351,0.000,1.883
747,÷–∆Ã∑€,22.351,0.000,6.063,22.381,0.000,1.025
748,÷–∆Ã∑€,22.381,0.000,6.058,22.411,0.000,1.721
749,÷–∆Ã∑€,22.411,0.000,6.049,22.441,0.000,1.686
750,÷–∆Ã∑€,22.441,0.000,6.048,22.471,0.000,1.608
751,÷–∆Ã∑€,22.471,0.000,6.050,22.501,0.000,1.933
752,÷–∆Ã∑€,22.501,0.000,6.058,22.531,0.000,0.340
753,÷–∆Ã∑€,22.531,0.000,6.063,22.561,0.000,1.158
754,÷–∆Ã∑€,22.561,0.000,6.062,22.591,0.000,1.827
755,÷–∆Ã∑€,22.591,0.000,6.056,22.621,0.000,0.706
756,÷–∆Ã∑€,22.621,0.000,6.049,22.651,0.000,0.740
757,÷–∆Ã∑€,22.651,0.000,6.071,22.681,0.000,2.112
758,÷–∆Ã∑€,22.681,0.000,6.049,22.711,0.000,1.888
759,÷–∆Ã∑€,22.711,0.000,6.064,22.741,0.000,1.306
760,÷–∆Ã∑€,22.741,0.000,6.055,22.771,0.000,2.018
761,÷–∆Ã∑€,22.771,0.000,6.048,22.801,0.000,1.114
762,÷–∆Ã∑€,22.801,0.000,6.055,22.831,0.000,0.835
763,÷–∆Ã∑€,22.831,0.000,6.057,22.861,0.000,1.351
764,÷–∆Ã∑€,22.861,0.000,6.056,22.891,0.000,1.365
765,÷–∆Ã∑€,22.891,0.000,6.063,22.921,0.000,1.281
766,÷–∆Ã∑€,22.921,0.000,6.053,22.951,0.000,1.775
767,÷–∆Ã∑€,22.951,0.000,6.061,22.981,0.000,0.940
768,÷–∆Ã∑€,22.981,0.000,6.060,23.011,0.000,1.090
769,÷–∆Ã∑€,23.011,0.000,6.056,23.041,0.000,1.597
770,÷–∆Ã∑€,23.041,0.000,6.054,23.071,0.000,1.689
771,÷–∆Ã∑€,23.071,0.000,6.049,23.101,0.000,1.252
772,÷–∆Ã∑€,23.101,0.000,6.055,23.131,0.000,0.973
773,÷–∆Ã∑€,23.131,0.000,6.047,23.161,0.000,0.933
774,÷–∆Ã∑€,23.161,0.000,6.044,23.191,0.000,1.505
775,÷–∆Ã∑€,23.191,0.000,6.051,23.221,0.000,1.745
776,÷–∆Ã∑€,23.221,0.000,6.065,23.251,0.000,0.454
777,÷–∆Ã∑€,23.251,0.000,6.062,23.281,0.000,2.536
778,÷–∆Ã∑€,23.281,0.000,6.049,23.311,0.000,0.716
779,÷–∆Ã∑€,23.311,0.000,6.064,23.341,0.000,1.145
780,÷–∆Ã∑€,23.341,0.000,6.046,23.371,0.000,1.105
781,÷–∆Ã∑€,23.371,0.000,6.065,23.401,0.000,0.627
782,÷–∆Ã∑€,23.401,0.000,6.056,23.431,0.000,2.610
783,÷–∆Ã∑€,23.431,0.000,6.063,23.461,0.000,1.298
784,÷–∆Ã∑€,23.461,0.000,6.062,23.491,0.000,1.002
785,÷–∆Ã∑€,23.491,0.000,6.063,23.521,0.000,1.092
786,÷–∆Ã∑€,23.521,0.000,6.047,23.551,0.000,2.326
787,÷–∆Ã∑€,23.551,0.000,6.064,23.581,0.000,1.237
788,÷–∆Ã∑€,23.581,0.000,6.045,23.611,0.000,2.318
789,÷–∆Ã∑€,23.611,0.000,6.049,23.641,0.000,1.889
790,÷–∆Ã∑€,23.641,0.000,6.051,23.671,0.000,1.651
791,÷–∆Ã∑€,23.671,0.000,6.057,23.701,0.000,1.839
792,÷–∆Ã∑€,23.701,0.000,6.057,23.731,0.000,1.971
793,÷–∆Ã∑€,23.731,0.000,6.051,23.761,0.000,0.624
794,÷–∆Ã∑€,23.761,0.000,6.073,23.791,0.000,2.116
795,÷–∆Ã∑€,23.791,0.000,6.074,23.821,0.000,2.017
796,÷–∆Ã∑€,23.821,0.000,6.065,23.851,0.000,1.319
797,÷–∆Ã∑€,23.851,0.000,6.055,23.881,0.000,2.033
798,÷–∆Ã∑€,23.881,0.000,6.052,23.911,0.000,2.224
799,÷–∆Ã∑€,23.911,0.000,6.052,23.941,0.000,0.448
800,÷–∆Ã∑€,23.941,0.000,6.058,23.971,0.000,1.326
801,÷–∆Ã∑€,23.971,0.000,6.052,24.001,0.000,2.665
802,÷–∆Ã∑€,24.001,0.000,6.065,24.031,0.000,1.648
803,÷–∆Ã∑€,24.031,0.000,6.064,24.061,0.000,1.352
804,÷–∆Ã∑€,24.061,0.000,6.056,24.091,0.000,0.454
805,÷–∆Ã∑€,24.091,0.000,6.055,24.121,0.000,0.572
806,÷–∆Ã∑€,24.121,0.000,6.045,24.151,0.000,1.489
807,÷–∆Ã∑€,24.151,0.000,6.063,24.181,0.000,0.254
808,÷–∆Ã∑€,24.181,0.000,6.055,24.211,0.000,1.069
809,÷–∆Ã∑€,24.211,0.000,6.047,24.241,0.000,1.651
810,÷–∆Ã∑€,24.241,0.000,6.048,24.271,0.000,1.987
811,÷–∆Ã∑€,24.271,0.000,6.064,24.301,0.000,1.101
812,÷–∆Ã∑€,24.301,0.000,6.046,24.331,0.000,1.877
813,÷–∆Ã∑€,24.331,0.000,6.070,24.361,0.000,1.835
814,÷–∆Ã∑€,24.361,0.000,6.063,24.391,0.000,2.220
815,÷–∆Ã∑€,24.391,0.000,6.062,24.421,0.000,0.621
816,÷–∆Ã∑€,24.421,0.000,6.056,24.451,0.000,1.370
817,÷–∆Ã∑€,24.451,0.000,6.054,24.481,0.000,2.015
818,÷–∆Ã∑€,24.481,0.000,6.075,24.511,0.000,2.279
819,÷–∆Ã∑€,24.511,0.000,6.055,24.541,0.000,1.586
820,÷–∆Ã∑€,24.541,0.000,6.044,24.571,0.000,0.952
821,÷–∆Ã∑€,24.571,0.000,6.043,24.601,0.000,0.427
822,÷–∆Ã∑€,24.601,0.000,6.057,24.631,0.000,0.967
823,÷–∆Ã∑€,24.631,0.000,6.049,24.661,0.000,1.807
824,÷–∆Ã∑€,24.661,0.000,6.067,24.691,0.000,0.750
825,÷–∆Ã∑€,24.691,0.000,6.060,24.721,0.000,1.674
826,÷–∆Ã∑€,24.721,0.000,6.062,24.751,0.000,1.684
827,÷–∆Ã∑€,24.751,0.000,6.045,24.781,0.000,1.329
828,÷–∆Ã∑€,24.781,0.000,6.047,24.811,0.000,2.131
829,÷–∆Ã∑€,24.811,0.000,6.049,24.841,0.000,2.001
830,÷–∆Ã∑€,24.841,0.000,6.042,24.871,0.000,0.897
831,÷–∆Ã∑€,24.871,0.000,6.052,24.901,0.000,2.049
832,÷–∆Ã∑€,24.901,0.000,6.060,24.931,0.000,0.790
833,÷–∆Ã∑€,24.931,0.000,6.055,24.961,0.000,0.601
834,÷–∆Ã∑€,24.961,0.000,6.052,24.991,0.000,1.319
835,÷–∆Ã∑€,24.991,0.000,6.051,25.021,0.000,1.765
836,÷–∆Ã∑€,25.021,0.000,6.053,25.051,0.000,0.551
837,÷–∆Ã∑€,25.051,0.000,6.062,25.081,0.000,0.844
838,÷–∆Ã∑€,25.081,0.000,6.061,25.111,0.000,1.758
839,÷–∆Ã∑€,25.111,0.000,6.054,25.141,0.000,1.089
840,÷–∆Ã∑€,25.141,0.000,6.049,25.171,0.000,1.128
841,÷–∆Ã∑€,25.171,0.000,6.069,25.201,0.000,1.917
842,÷–∆Ã∑€,25.201,0.000,6.047,25.231,0.000,1.189
843,÷–∆Ã∑€,25.231,0.000,6.056,25.261,0.000,1.028
844,÷–∆Ã∑€,25.261,0.000,6.069,25.291,0.000,1.587
845,÷–∆Ã∑€,25.291,0.000,6.044,25.321,0.000,0.463
846,÷–∆Ã∑€,25.321,0.000,6.043,25.351,0.000,1.298
847,÷–∆Ã∑€,25.351,0.000,6.058,25.381,0.000,1.752
848,÷–∆Ã∑€,25.381,0.000,6.062,25.411,0.000,0.924
849,÷–∆Ã∑€,25.411,0.000,6.060,25.441,0.000,0.530
850,÷–∆Ã∑€,25.441,0.000,6.059,25.471,0.000,1.829
851,÷–∆Ã∑€,25.471,0.000,6.049,25.501,0.000,0.944
852,÷–∆Ã∑€,25.501,0.000,6.071,25.531,0.000,1.387
853,÷–∆Ã∑€,25.531,0.000,6.050,25.561,0.000,1.720
854,÷–∆Ã∑€,25.561,0.000,6.070,25.591,0.000,1.816
855,÷–∆Ã∑€,25.591,0.000,6.047,25.621,0.000,1.651
856,÷–∆Ã∑€,25.621,0.000,6.048,25.651,0.000,1.049
857,÷–∆Ã∑€,25.651,0.000,6.047,25.681,0.000,1.146
858,÷–∆Ã∑€,25.681,0.000,6.055,25.711,0.000,1.774
859,÷–∆Ã∑€,25.711,0.000,6.050,25.741,0.000,2.402
860,÷–∆Ã∑€,25.741,0.000,6.061,25.771,0.000,1.283
861,÷–∆Ã∑€,25.771,0.000,6.061,25.801,0.000,0.638
862,÷–∆Ã∑€,25.801,0.000,6.055,25.831,0.000,0.706
863,÷–∆Ã∑€,25.831,0.000,6.056,25.861,0.000,0.485
864,÷–∆Ã∑€,25.861,0.000,6.051,25.891,0.000,1.873
865,÷–∆Ã∑€,25.891,0.000,6.044,25.921,0.000,2.036
866,÷–∆Ã∑€,25.921,0.000,6.051,25.951,0.000,0.988
867,÷–∆Ã∑€,25.951,0.000,6.070,25.981,0.000,0.684
868,÷–∆Ã∑€,25.981,0.000,6.052,26.011,0.000,1.145
869,÷–∆Ã∑€,26.011,0.000,6.061,26.041,0.000,1.419
870,÷–∆Ã∑€,26.041,0.000,6.062,26.071,0.000,1.176
871,÷–∆Ã∑€,26.071,0.000,6.052,26.101,0.000,1.088
872,÷–∆Ã∑€,26.101,0.000,6.050,26.131,0.000,0.507
873,÷–∆Ã∑€,26.131,0.000,6.054,26.161,0.000,2.603
874,÷–∆Ã∑€,26.161,0.000,6.058,26.191,0.000,1.037
875,÷–∆Ã∑€,26.191,0.000,6.062,26.221,0.000,2.555
876,÷–∆Ã∑€,26.221,0.000,6.058,26.251,0.000,0.861
877,÷–∆Ã∑€,26.251,0.000,6.055,26.281,0.000,0.461
878,÷–∆Ã∑€,26.281,0.000,6.049,26.311,0.000,2.597
879,÷–∆Ã∑€,26.311,0.000,6.044,26.341,0.000,0.980
880,÷–∆Ã∑€,26.341,0.000,6.058,26.371,0.000,0.736
881,÷–∆Ã∑€,26.371,0.000,6.052,26.401,0.000,1.817
882,÷–∆Ã∑€,26.401,0.000,6.063,26.431,0.000,0.933
883,÷–∆Ã∑€,26.431,0.000,6.057,26.461,0.000,0.883
884,÷–∆Ã∑€,26.461,0.000,6.050,26.491,0.000,1.632
885,÷–∆Ã∑€,26.491,0.000,6.074,26.521,0.000,1.224
886,÷–∆Ã∑€,26.521,0.000,6.059,26.551,0.000,2.051
887,÷–∆Ã∑€,26.551,0.000,6.063,26.581,0.000,2.090
888,÷–∆Ã∑€,26.581,0.000,6.049,26.611,0.000,1.441
889,÷–∆Ã∑€,26.611,0.000,6.054,26.641,0.000,2.010
890,÷–∆Ã∑€,26.641,0.000,6.054,26.671,0.000,1.248
891,÷–∆Ã∑€,26.671,0.000,6.056,26.701,0.000,0.653
892,÷–∆Ã∑€,26.701,0.000,6.049,26.731,0.000,1.158
893,÷–∆Ã∑€,26.731,0.000,6.056,26.761,0.000,0.330
894,÷–∆Ã∑€,26.761,0.000,6.063,26.791,0.000,1.944
895,÷–∆Ã∑€,26.791,0.000,6.051,26.821,0.000,1.291
896,÷–∆Ã∑€,26.821,0.000,6.047,26.851,0.000,0.747
897,÷–∆Ã∑€,26.851,0.000,6.063,26.881,0.000,1.401
898,÷–∆Ã∑€,26.881,0.000,6.056,26.911,0.000,0.526
899,÷–∆Ã∑€,26.911,0.000,6.047,26.941,0.000,0.997
900,÷–∆Ã∑€,26.941,0.000,6.051,26.971,0.000,2.022
901,÷–∆Ã∑€,26.971,0.000,6.049,27.001,0.000,0.729
902,÷–∆Ã∑€,27.001,0.000,6.070,27.031,0.000,1.800
903,÷–∆Ã∑€,27.031,0.000,6.051,27.061,0.000,1.712
904,÷–∆Ã∑€,27.061,0.000,6.055,27.091,0.000,1.891
905,÷–∆Ã∑€,27.091,0.000,6.063,27.121,0.000,1.242
906,÷–∆Ã∑€,27.121,0.000,6.057,27.151,0.000,2.399
907,÷–∆Ã∑€,27.151,0.000,6.046,27.181,0.000,1.553
908,÷–∆Ã∑€,27.181,0.000,6.063,27.211,0.000,0.864
909,÷–∆Ã∑€,27.211,0.000,6.071,27.241,0.000,2.069
910,÷–∆Ã∑€,27.241,0.000,6.062,27.271,0.000,1.255
911,÷–∆Ã∑€,27.271,0.000,6.056,27.301,0.000,2.108
912,÷–∆Ã∑€,27.301,0.000,6.057,27.331,0.000,2.065
913,÷–∆Ã∑€,27.331,0.000,6.057,27.361,0.000,0.440
914,÷–∆Ã∑€,27.361,0.000,6.054,27.391,0.000,0.949
915,÷–∆Ã∑€,27.391,0.000,6.060,27.421,0.000,1.426
916,÷–∆Ã∑€,27.421,0.000,6.045,27.451,0.000,1.261
917,÷–∆Ã∑€,27.451,0.000,6.056,27.481,0.000,2.431
918,÷–∆Ã∑€,27.481,0.000,6.064,27.511,0.000,2.059
919,÷–∆Ã∑€,27.511,0.000,6.051,27.541,0.000,1.159
920,÷–∆Ã∑€,27.541,0.000,6.055,27.571,0.000,1.415
921,÷–∆Ã∑€,27.571,0.000,6.049,27.601,0.000,1.969
922,÷–∆Ã∑€,27.601,0.000,6.051,27.631,0.000,0.960
923,÷–∆Ã∑€,27.631,0.000,6.046,27.661,0.000,1.306
924,÷–∆Ã∑€,27.661,0.000,6.048,27.691,0.000,1.066
925,÷–∆Ã∑€,27.691,0.000,6.050,27.721,0.000,0.503
926,÷–∆Ã∑€,27.721,0.000,6.066,27.751,0.000,1.145
927,÷–∆Ã∑€,27.751,0.000,6.049,27.781,0.000,1.865
928,÷–∆Ã∑€,27.781,0.000,6.058,27.811,0.000,1.510
929,÷–∆Ã∑€,27.811,0.000,6.048,27.841,0.000,1.763
930,÷–∆Ã∑€,27.841,0.000,6.052,27.871,0.000,1.213
931,÷–∆Ã∑€,27.871,0.000,6.054,27.901,0.000,1.989
932,÷–∆Ã∑€,27.901,0.000,6.061,27.931,0.000,2.195
933,÷–∆Ã∑€,27.931,0.000,6.055,27.961,0.000,1.585
934,÷–∆Ã∑€,27.961,0.000,6.048,27.991,0.000,0.604
935,÷–∆Ã∑€,27.991,0.000,6.069,28.021,0.000,1.464
936,÷–∆Ã∑€,28.021,0.000,6.051,28.051,0.000,1.814
937,÷–∆Ã∑€,28.051,0.000,6.062,28.081,0.000,2.000
938,÷–∆Ã∑€,28.081,0.000,6.062,28.111,0.000,0.765
939,÷–∆Ã∑€,28.111,0.000,6.049,28.141,0.000,1.704
940,÷–∆Ã∑€,28.141,0.000,6.053,28.171,0.000,0.549
941,÷–∆Ã∑€,28.171,0.000,6.055,28.201,0.000,1.375
942,÷–∆Ã∑€,28.201,0.000,6.056,28.231,0.000,1.665
943,÷–∆Ã∑€,28.231,0.000,6.059,28.261,0.000,0.581
944,÷–∆Ã∑€,28.261,0.000,6.047,28.291,0.000,1.225
945,÷–∆Ã∑€,28.291,0.000,6.047,28.321,0.000,1.791
946,÷–∆Ã∑€,28.321,0.000,6.060,28.351,0.000,1.576
947,÷–∆Ã∑€,28.351,0.000,6.062,28.381,0.000,0.437
948,÷–∆Ã∑€,28.381,0.000,6.059,28.411,0.000,1.184
949,÷–∆Ã∑€,28.411,0.000,6.043,28.441,0.000,0.990
950,÷–∆Ã∑€,28.441,0.000,6.045,28.471,0.000,1.352
951,÷–∆Ã∑€,28.471,0.000,6.051,28.501,0.000,1.744
952,÷–∆Ã∑€,28.501,0.000,6.059,28.531,0.000,1.808
953,÷–∆Ã∑€,28.531,0.000,6.054,28.561,0.000,1.916
954,÷–∆Ã∑€,28.561,0.000,6.046,28.591,0.000,0.572
955,÷–∆Ã∑€,28.591,0.000,6.069,28.621,0.000,1.255
956,÷–∆Ã∑€,28.621,0.000,6.061,28.651,0.000,1.056
957,÷–∆Ã∑€,28.651,0.000,6.060,28.681,0.000,1.559
958,÷–∆Ã∑€,28.681,0.000,6.051,28.711,0.000,1.839
959,÷–∆Ã∑€,28.711,0.000,6.045,28.741,0.000,1.221
960,÷–∆Ã∑€,28.741,0.000,6.062,28.771,0.000,0.615
961,÷–∆Ã∑€,28.771,0.000,6.071,28.801,0.000,0.671
962,÷–∆Ã∑€,28.801,0.000,6.061,28.831,0.000,1.255
963,÷–∆Ã∑€,28.831,0.000,6.057,28.861,0.000,1.059
964,÷–∆Ã∑€,28.861,0.000,6.046,28.891,0.000,2.257
965,÷–∆Ã∑€,28.891,0.000,6.062,28.921,0.000,1.275
966,÷–∆Ã∑€,28.921,0.000,6.050,28.951,0.000,2.705
967,÷–∆Ã∑€,28.951,0.000,6.056,28.981,0.000,1.795
968,÷–∆Ã∑€,28.981,0.000,6.052,29.011,0.000,1.976
969,÷–∆Ã∑€,29.011,0.000,6.060,29.041,0.000,2.076
970,÷–∆Ã∑€,29.041,0.000,6.058,29.071,0.000,0.569
971,÷–∆Ã∑€,29.071,0.000,6.058,29.101,0.000,1.058
972,÷–∆Ã∑€,29.101,0.000,6.062,29.131,0.000,2.033
973,÷–∆Ã∑€,29.131,0.000,6.052,29.161,0.000,0.980
974,÷–∆Ã∑€,29.161,0.000,6.071,29.191,0.000,1.766
975,÷–∆Ã∑€,29.191,0.000,6.056,29.221,0.000,1.546
976,÷–∆Ã∑€,29.221,0.000,6.054,29.251,0.000,0.594
977,÷–∆Ã∑€,29.251,0.000,6.044,29.281,0.000,2.080
978,÷–∆Ã∑€,29.281,0.000,6.057,29.311,0.000,2.280
979,÷–∆Ã∑€,29.311,0.000,6.060,29.341,0.000,1.209
980,÷–∆Ã∑€,29.341,0.000,6.055,29.371,0.000,0.382
981,÷–∆Ã∑€,29.371,0.000,6.049,29.401,0.000,1.962
982,÷–∆Ã∑€,29.401,0.000,6.064,29.431,0.000,0.544
983,÷–∆Ã∑€,29.431,0.000,6.056,29.461,0.000,0.512
984,÷–∆Ã∑€,29.461,0.000,6.055,29.491,0.000,2.208
985,÷–∆Ã∑€,29.491,0.000,6.054,29.521,0.000,1.167
986,÷–∆Ã∑€,29.521,0.000,6.055,29.551,0.000,2.079
987,÷–∆Ã∑€,29.551,0.000,6.045,29.581,0.000,0.601
988,÷–∆Ã∑€,29.581,0.000,6.060,29.611,0.000,2.153
989,÷–∆Ã∑€,29.611,0.000,6.062,29.641,0.000,0.418
990,÷–∆Ã∑€,29.641,0.000,6.043,29.671,0.000,1.536
991,÷–∆Ã∑€,29.671,0.000,6.052,29.701,0.000,0.544
992,÷–∆Ã∑€,29.701,0.000,6.048,29.731,0.000,0.785
993,÷–∆Ã∑€,29.731,0.000,6.070,29.761,0.000,1.837
994,÷–∆Ã∑€,29.761,0.000,6.050,29.791,0.000,1.321
995,÷–∆Ã∑€,29.791,0.000,6.047,29.821,0.000,0.732
996,÷–∆Ã∑€,29.821,0.000,6.070,29.851,0.000,2.119
997,÷–∆Ã∑€,29.851,0.000,6.062,29.881,0.000,1.742
998,÷–∆Ã∑€,29.881,0.000,6.062,29.911,0.000,1.516
999,÷–∆Ã∑€,29.911,0.000,6.063,29.941,0.000,1.097
1000,÷–∆Ã∑€,29.941,0.000,6.051,29.971,0.000,1.204
1001,÷–∆Ã∑€,29.971,0.000,6.050,30.001,0.000,1.477
1002,÷–∆Ã∑€,30.001,0.000,6.056,30.031,0.000,0.646
1003,÷–∆Ã∑€,30.031,0.000,6.047,30.061,0.000,1.971
1004,÷–∆Ã∑€,30.061,0.000,6.056,30.091,0.000,2.602
1005,÷–∆Ã∑€,30.091,0.000,6.063,30.121,0.000,1.253
1006,÷–∆Ã∑€,30.121,0.000,6.063,30.151,0.000,0.354
1007,÷–∆Ã∑€,30.151,0.000,6.044,30.181,0.000,1.630
1008,÷–∆Ã∑€,30.181,0.000,6.046,30.211,0.000,1.799
1009,÷–∆Ã∑€,30.211,0.000,6.046,30.241,0.000,0.421
1010,÷–∆Ã∑€,30.241,0.000,6.047,30.271,0.000,2.731
1011,÷–∆Ã∑€,30.271,0.000,6.050,30.301,0.000,1.954
1012,÷–∆Ã∑€,30.301,0.000,6.052,30.331,0.000,1.002
1013,÷–∆Ã∑€,30.331,0.000,6.059,30.361,0.000,1.331
1014,÷–∆Ã∑€,30.361,0.000,6.050,30.391,0.000,1.774
1015,÷–∆Ã∑€,30.391,0.000,6.047,30.421,0.000,1.018
1016,÷–∆Ã∑€,30.421,0.000,6.065,30.451,0.000,0.837
1017,÷–∆Ã∑€,30.451,0.000,6.049,30.481,0.000,1.543
1018,÷–∆Ã∑€,30.481,0.000,6.045,30.511,0.000,1.224
1019,÷–∆Ã∑€,30.511,0.000,6.046,30.541,0.000,0.651
1020,÷–∆Ã∑€,30.541,0.000,6.070,30.571,0.000,1.451
1021,÷–∆Ã∑€,30.571,0.000,6.063,30.601,0.000,1.533
1022,÷–∆Ã∑€,30.601,0.000,6.052,30.631,0.000,2.491
1023,÷–∆Ã∑€,30.631,0.000,6.063,30.661,0.000,2.010
1024,÷–∆Ã∑€,30.661,0.000,6.048,30.691,0.000,2.032
1025,÷–∆Ã∑€,30.691,0.000,6.049,30.721,0.000,1.867
1026,÷–∆Ã∑€,30.721,0.000,6.070,30.751,0.000,1.885
1027,÷–∆Ã∑€,30.751,0.000,6.063,30.781,0.000,1.353
1028,÷–∆Ã∑€,30.781,0.000,6.050,30.811,0.000,1.785
1029,÷–∆Ã∑€,30.811,0.000,6.051,30.841,0.000,0.850
1030,÷–∆Ã∑€,30.841,0.000,6.051,30.871,0.000,0.571
1031,÷–∆Ã∑€,30.871,0.000,6.048,30.901,0.000,1.058
1032,÷–∆Ã∑€,30.901,0.000,6.065,30.931,0.000,1.109
1033,÷–∆Ã∑€,30.931,0.000,6.048,30.961,0.000,1.799
1034,÷–∆Ã∑€,30.961,0.000,6.052,30.991,0.000,0.762
1035,÷–∆Ã∑€,30.991,0.000,6.065,31.021,0.000,1.175
1036,÷–∆Ã∑€,31.021,0.000,6.051,31.051,0.000,0.404
1037,÷–∆Ã∑€,31.051,0.000,6.057,31.081,0.000,1.125
1038,÷–∆Ã∑€,31.081,0.000,6.052,31.111,0.000,1.806
1039,÷–∆Ã∑€,31.111,0.000,6.051,31.141,0.000,1.569
1040,÷–∆Ã∑€,31.141,0.000,6.061,31.171,0.000,1.888
1041,÷–∆Ã∑€,31.171,0.000,6.056,31.201,0.000,0.352
1042,÷–∆Ã∑€,31.201,0.000,6.050,31.231,0.000,1.020
1043,÷–∆Ã∑€,31.231,0.000,6.052,31.261,0.000,2.747
1044,÷–∆Ã∑€,31.261,0.000,6.052,31.291,0.000,2.076
1045,÷–∆Ã∑€,31.291,0.000,6.057,31.321,0.000,1.453
1046,÷–∆Ã∑€,31.321,0.000,6.047,31.351,0.000,1.842
1047,÷–∆Ã∑€,31.351,0.000,6.063,31.381,0.000,0.601
1048,÷–∆Ã∑€,31.381,0.000,6.060,31.411,0.000,2.149
1049,÷–∆Ã∑€,31.411,0.000,6.055,31.441,0.000,2.166
1050,÷–∆Ã∑€,31.441,0.000,6.047,31.471,0.000,1.339
1051,÷–∆Ã∑€,31.471,0.000,6.073,31.501,0.000,1.985
1052,÷–∆Ã∑€,31.501,0.000,6.045,31.531,0.000,2.016
1053,÷–∆Ã∑€,31.531,0.000,6.050,31.561,0.000,0.746
1054,÷–∆Ã∑€,31.561,0.000,6.050,31.591,0.000,1.868
1055,÷–∆Ã∑€,31.591,0.000,6.062,31.621,0.000,0.992
1056,÷–∆Ã∑€,31.621,0.000,6.053,31.651,0.000,0.490
1057,÷–∆Ã∑€,31.651,0.000,6.045,31.681,0.000,2.708
1058,÷–∆Ã∑€,31.681,0.000,6.050,31.711,0.000,1.211
1059,÷–∆Ã∑€,31.711,0.000,6.057,31.741,0.000,2.540
1060,÷–∆Ã∑€,31.741,0.000,6.054,31.771,0.000,1.902
1061,÷–∆Ã∑€,31.771,0.000,6.050,31.801,0.000,0.775
1062,÷–∆Ã∑€,31.801,0.000,6.063,31.831,0.000,1.593
1063,÷–∆Ã∑€,31.831,0.000,6.057,31.861,0.000,2.681
1064,÷–∆Ã∑€,31.861,0.000,6.058,31.891,0.000,1.414
1065,÷–∆Ã∑€,31.891,0.000,6.058,31.921,0.000,2.014
1066,÷–∆Ã∑€,31.921,0.000,6.049,31.951,0.000,1.732
1067,÷–∆Ã∑€,31.951,0.000,6.045,31.981,0.000,1.291
1068,÷–∆Ã∑€,31.981,0.000,6.061,32.011,0.000,1.084
1069,÷–∆Ã∑€,32.011,0.000,6.048,32.041,0.000,1.007
1070,÷–∆Ã∑€,32.041,0.000,6.044,32.071,0.000,2.098
1071,÷–∆Ã∑€,32.071,0.000,6.059,32.101,0.000,2.645
1072,÷–∆Ã∑€,32.101,0.000,6.055,32.131,0.000,1.386
1073,÷–∆Ã∑€,32.131,0.000,6.056,32.161,0.000,0.908
1074,÷–∆Ã∑€,32.161,0.000,6.045,32.191,0.000,1.095
1075,÷–∆Ã∑€,32.191,0.000,6.050,32.221,0.000,2.577
1076,÷–∆Ã∑€,32.221,0.000,6.044,32.251,0.000,1.809
1077,÷–∆Ã∑€,32.251,0.000,6.048,32.281,0.000,0.743
1078,÷–∆Ã∑€,32.281,0.000,6.052,32.311,0.000,1.536
1079,÷–∆Ã∑€,32.311,0.000,6.052,32.341,0.000,0.352
1080,÷–∆Ã∑€,32.341,0.000,6.049,32.371,0.000,1.465
1081,÷–∆Ã∑€,32.371,0.000,6.052,32.401,0.000,1.241
1082,÷–∆Ã∑€,32.401,0.000,6.044,32.431,0.000,1.696
1083,÷–∆Ã∑€,32.431,0.000,6.054,32.461,0.000,1.949
1084,÷–∆Ã∑€,32.461,0.000,6.050,32.491,0.000,1.602
1085,÷–∆Ã∑€,32.491,0.000,6.045,32.521,0.000,1.790
1086,÷–∆Ã∑€,32.521,0.000,6.047,32.551,0.000,1.449
1087,÷–∆Ã∑€,32.551,0.000,6.047,32.581,0.000,0.886
1088,÷–∆Ã∑€,32.581,0.000,6.054,32.611,0.000,1.202
1089,÷–∆Ã∑€,32.611,0.000,6.055,32.641,0.000,0.920
1090,÷–∆Ã∑€,32.641,0.000,6.050,32.671,0.000,1.714
1091,÷–∆Ã∑€,32.671,0.000,6.055,32.701,0.000,1.622
1092,÷–∆Ã∑€,32.701,0.000,6.049,32.731,0.000,2.414
1093,÷–∆Ã∑€,32.731,0.000,6.043,32.761,0.000,1.750
1094,÷–∆Ã∑€,32.761,0.000,6.066,32.791,0.000,1.414
1095,÷–∆Ã∑€,32.791,0.000,6.054,32.821,0.000,1.776
1096,÷–∆Ã∑€,32.821,0.000,6.048,32.851,0.000,1.382
1097,÷–∆Ã∑€,32.851,0.000,6.047,32.881,0.000,2.131
1098,÷–∆Ã∑€,32.881,0.000,6.070,32.911,0.000,1.883
1099,÷–∆Ã∑€,32.911,0.000,6.057,32.941,0.000,0.947
1100,÷–∆Ã∑€,32.941,0.000,6.049,32.971,0.000,2.072
1101,÷–∆Ã∑€,32.971,0.000,6.050,33.001,0.000,0.468
1102,÷–∆Ã∑€,33.001,0.000,6.073,33.031,0.000,2.517
1103,÷–∆Ã∑€,33.031,0.000,6.061,33.061,0.000,1.423
1104,÷–∆Ã∑€,33.061,0.000,6.054,33.091,0.000,1.207
1105,÷–∆Ã∑€,33.091,0.000,6.061,33.121,0.000,2.363
1106,÷–∆Ã∑€,33.121,0.000,6.062,33.151,0.000,2.026
1107,÷–∆Ã∑€,33.151,0.000,6.048,33.181,0.000,1.128
1108,÷–∆Ã∑€,33.181,0.000,6.074,33.211,0.000,1.962
1109,÷–∆Ã∑€,33.211,0.000,6.045,33.241,0.000,0.652
1110,÷–∆Ã∑€,33.241,0.000,6.063,33.271,0.000,0.869
1111,÷–∆Ã∑€,33.271,0.000,6.070,33.301,0.000,1.431
1112,÷–∆Ã∑€,33.301,0.000,6.055,33.331,0.000,1.052
1113,÷–∆Ã∑€,33.331,0.000,6.053,33.361,0.000,1.158
1114,÷–∆Ã∑€,33.361,0.000,6.064,33.391,0.000,1.488
1115,÷–∆Ã∑€,33.391,0.000,6.051,33.421,0.000,1.898
1116,÷–∆Ã∑€,33.421,0.000,6.073,33.451,0.000,1.926
1117,÷–∆Ã∑€,33.451,0.000,6.051,33.481,0.000,0.609
1118,÷–∆Ã∑€,33.481,0.000,6.051,33.511,0.000,2.136
1119,÷–∆Ã∑€,33.511,0.000,6.056,33.541,0.000,1.230
1120,÷–∆Ã∑€,33.541,0.000,6.049,33.571,0.000,1.105
1121,÷–∆Ã∑€,33.571,0.000,6.056,33.601,0.000,1.745
1122,÷–∆Ã∑€,33.601,0.000,6.055,33.631,0.000,1.338
1123,÷–∆Ã∑€,33.631,0.000,6.053,33.661,0.000,1.371
1124,÷–∆Ã∑€,33.661,0.000,6.055,33.691,0.000,1.023
1125,÷–∆Ã∑€,33.691,0.000,6.063,33.721,0.000,1.359
1126,÷–∆Ã∑€,33.721,0.000,6.058,33.751,0.000,2.115
1127,÷–∆Ã∑€,33.751,0.000,6.060,33.781,0.000,1.020
1128,÷–∆Ã∑€,33.781,0.000,6.051,33.811,0.000,1.905
1129,÷–∆Ã∑€,33.811,0.000,6.043,33.841,0.000,1.206
1130,÷–∆Ã∑€,33.841,0.000,6.054,33.871,0.000,1.280
1131,÷–∆Ã∑€,33.871,0.000,6.063,33.901,0.000,2.083
1132,÷–∆Ã∑€,33.901,0.000,6.050,33.931,0.000,1.637
1133,÷–∆Ã∑€,33.931,0.000,6.045,33.961,0.000,1.448
1134,÷–∆Ã∑€,33.961,0.000,6.045,33.991,0.000,1.077
1135,÷–∆Ã∑€,33.991,0.000,6.044,34.021,0.000,1.661
1136,÷–∆Ã∑€,34.021,0.000,6.050,34.051,0.000,2.053
1137,÷–∆Ã∑€,34.051,0.000,6.050,34.081,0.000,1.199
1138,÷–∆Ã∑€,34.081,0.000,6.062,34.111,0.000,1.913
1139,÷–∆Ã∑€,34.111,0.000,6.058,34.141,0.000,1.919
1140,÷–∆Ã∑€,34.141,0.000,6.056,34.171,0.000,1.230
1141,÷–∆Ã∑€,34.171,0.000,6.050,34.201,0.000,1.893
1142,÷–∆Ã∑€,34.201,0.000,6.073,34.231,0.000,0.576
1143,÷–∆Ã∑€,34.231,0.000,6.051,34.261,0.000,2.372
1144,÷–∆Ã∑€,34.261,0.000,6.061,34.291,0.000,0.605
1145,÷–∆Ã∑€,34.291,0.000,6.055,34.321,0.000,1.393
1146,÷–∆Ã∑€,34.321,0.000,6.054,34.351,0.000,2.078
1147,÷–∆Ã∑€,34.351,0.000,6.053,34.381,0.000,1.804
1148,÷–∆Ã∑€,34.381,0.000,6.070,34.411,0.000,1.610
1149,÷–∆Ã∑€,34.411,0.000,6.047,34.441,0.000,0.592
1150,÷–∆Ã∑€,34.441,0.000,6.068,34.471,0.000,2.086
1151,÷–∆Ã∑€,34.471,0.000,6.049,34.501,0.000,0.594
1152,÷–∆Ã∑€,34.501,0.000,6.051,34.531,0.000,1.797
1153,÷–∆Ã∑€,34.531,0.000,6.052,34.561,0.000,1.923
1154,÷–∆Ã∑€,34.561,0.000,6.056,34.591,0.000,1.541
1155,÷–∆Ã∑€,34.591,0.000,6.063,34.621,0.000,1.339
1156,÷–∆Ã∑€,34.621,0.000,6.051,34.651,0.000,1.158
1157,÷–∆Ã∑€,34.651,0.000,6.051,34.681,0.000,1.465
1158,÷–∆Ã∑€,34.681,0.000,6.074,34.711,0.000,1.540
1159,÷–∆Ã∑€,34.711,0.000,6.058,34.741,0.000,0.956
1160,÷–∆Ã∑€,34.741,0.000,6.043,34.771,0.000,1.786
1161,÷–∆Ã∑€,34.771,0.000,6.053,34.801,0.000,2.086
1162,÷–∆Ã∑€,34.801,0.000,6.057,34.831,0.000,2.632
1163,÷–∆Ã∑€,34.831,0.000,6.063,34.861,0.000,1.630
1164,÷–∆Ã∑€,34.861,0.000,6.054,34.891,0.000,1.281
1165,÷–∆Ã∑€,34.891,0.000,6.056,34.921,0.000,1.895
1166,÷–∆Ã∑€,34.921,0.000,6.061,34.951,0.000,0.421
1167,÷–∆Ã∑€,34.951,0.000,6.052,34.981,0.000,1.133
1168,÷–∆Ã∑€,34.981,0.000,6.051,35.011,0.000,1.144
1169,÷–∆Ã∑€,35.011,0.000,6.047,35.041,0.000,0.782
1170,÷–∆Ã∑€,35.041,0.000,6.067,35.071,0.000,0.622
1171,÷–∆Ã∑€,35.071,0.000,6.056,35.101,0.000,1.445
1172,÷–∆Ã∑€,35.101,0.000,6.051,35.131,0.000,0.926
1173,÷–∆Ã∑€,35.131,0.000,6.048,35.161,0.000,0.468
1174,÷–∆Ã∑€,35.161,0.000,6.064,35.191,0.000,2.733
1175,÷–∆Ã∑€,35.191,0.000,6.060,35.221,0.000,1.665
1176,÷–∆Ã∑€,35.221,0.000,6.054,35.251,0.000,0.974
1177,÷–∆Ã∑€,35.251,0.000,6.050,35.281,0.000,2.029
1178,÷–∆Ã∑€,35.281,0.000,6.049,35.311,0.000,1.094
1179,÷–∆Ã∑€,35.311,0.000,6.048,35.341,0.000,0.742
1180,÷–∆Ã∑€,35.341,0.000,6.060,35.371,0.000,1.887
1181,÷–∆Ã∑€,35.371,0.000,6.055,35.401,0.000,1.118
1182,÷–∆Ã∑€,35.401,0.000,6.049,35.431,0.000,1.666
1183,÷–∆Ã∑€,35.431,0.000,6.050,35.461,0.000,2.287
1184,÷–∆Ã∑€,35.461,0.000,6.044,35.491,0.000,2.069
1185,÷–∆Ã∑€,35.491,0.000,6.047,35.521,0.000,2.617
1186,÷–∆Ã∑€,35.521,0.000,6.063,35.551,0.000,1.559
1187,÷–∆Ã∑€,35.551,0.000,6.060,35.581,0.000,1.679
1188,÷–∆Ã∑€,35.581,0.000,6.060,35.611,0.000,2.371
1189,÷–∆Ã∑€,35.611,0.000,6.055,35.641,0.000,2.008
1190,÷–∆Ã∑€,35.641,0.000,6.060,35.671,0.000,1.256
1191,÷–∆Ã∑€,35.671,0.000,6.055,35.701,0.000,0.646
1192,÷–∆Ã∑€,35.701,0.000,6.055,35.731,0.000,1.234
1193,÷–∆Ã∑€,35.731,0.000,6.050,35.761,0.000,2.281
1194,÷–∆Ã∑€,35.761,0.000,6.048,35.791,0.000,1.303
1195,÷–∆Ã∑€,35.791,0.000,6.043,35.821,0.000,1.584
1196,÷–∆Ã∑€,35.821,0.000,6.054,35.851,0.000,1.390
1197,÷–∆Ã∑€,35.851,0.000,6.049,35.881,0.000,0.535
1198,÷–∆Ã∑€,35.881,0.000,6.061,35.911,0.000,0.887
1199,÷–∆Ã∑€,35.911,0.000,6.055,35.941,0.000,1.169
1200,÷–∆Ã∑€,35.941,0.000,6.070,35.971,0.000,0.923
1201,÷–∆Ã∑€,35.971,0.000,6.047,36.001,0.000,0.786
1202,÷–∆Ã∑€,36.001,0.000,6.057,36.031,0.000,1.127
1203,÷–∆Ã∑€,36.031,0.000,6.049,36.061,0.000,1.765
1204,÷–∆Ã∑€,36.061,0.000,6.059,36.091,0.000,2.013
1205,÷–∆Ã∑€,36.091,0.000,6.057,36.121,0.000,2.545
1206,÷–∆Ã∑€,36.121,0.000,6.055,36.151,0.000,1.600
1207,÷–∆Ã∑€,36.151,0.000,6.051,36.181,0.000,1.737
1208,÷–∆Ã∑€,36.181,0.000,6.060,36.211,0.000,2.019
1209,÷–∆Ã∑€,36.211,0.000,6.062,36.241,0.000,1.950
1210,÷–∆Ã∑€,36.241,0.000,6.055,36.271,0.000,2.056
1211,÷–∆Ã∑€,36.271,0.000,6.046,36.301,0.000,2.004
1212,÷–∆Ã∑€,36.301,0.000,6.054,36.331,0.000,0.976
1213,÷–∆Ã∑€,36.331,0.000,6.050,36.361,0.000,1.131
1214,÷–∆Ã∑€,36.361,0.000,6.046,36.391,0.000,1.149
1215,÷–∆Ã∑€,36.391,0.000,6.050,36.421,0.000,2.678
1216,÷–∆Ã∑€,36.421,0.000,6.050,36.451,0.000,1.658
1217,÷–∆Ã∑€,36.451,0.000,6.055,36.481,0.000,1.541
1218,÷–∆Ã∑€,36.481,0.000,6.048,36.511,0.000,2.407
1219,÷–∆Ã∑€,36.511,0.000,6.044,36.541,0.000,2.690
1220,÷–∆Ã∑€,36.541,0.000,6.051,36.571,0.000,1.107
1221,÷–∆Ã∑€,36.571,0.000,6.060,36.601,0.000,1.119
1222,÷–∆Ã∑€,36.601,0.000,6.054,36.631,0.000,1.972
1223,÷–∆Ã∑€,36.631,0.000,6.051,36.661,0.000,1.562
1224,÷–∆Ã∑€,36.661,0.000,6.055,36.691,0.000,2.069
1225,÷–∆Ã∑€,36.691,0.000,6.059,36.721,0.000,1.860
1226,÷–∆Ã∑€,36.721,0.000,6.048,36.751,0.000,2.052
1227,÷–∆Ã∑€,36.751,0.000,6.052,36.781,0.000,0.610
1228,÷–∆Ã∑€,36.781,0.000,6.053,36.811,0.000,2.520
1229,÷–∆Ã∑€,36.811,0.000,6.052,36.841,0.000,2.039
1230,÷–∆Ã∑€,36.841,0.000,6.059,36.871,0.000,2.239
1231,÷–∆Ã∑€,36.871,0.000,6.052,36.901,0.000,1.364
1232,÷–∆Ã∑€,36.901,0.000,6.048,36.931,0.000,0.737
1233,÷–∆Ã∑€,36.931,0.000,6.056,36.961,0.000,1.952
1234,÷–∆Ã∑€,36.961,0.000,6.064,36.991,0.000,1.750
1235,÷–∆Ã∑€,36.991,0.000,6.063,37.021,0.000,1.521
1236,÷–∆Ã∑€,37.021,0.000,6.055,37.051,0.000,1.161
1237,÷–∆Ã∑€,37.051,0.000,6.052,37.081,0.000,2.720
1238,÷–∆Ã∑€,37.081,0.000,6.057,37.111,0.000,2.139
1239,÷–∆Ã∑€,37.111,0.000,6.062,37.141,0.000,2.045
1240,÷–∆Ã∑€,37.141,0.000,6.048,37.171,0.000,1.794
1241,÷–∆Ã∑€,37.171,0.000,6.072,37.201,0.000,0.556
1242,÷–∆Ã∑€,37.201,0.000,6.052,37.231,0.000,1.387
1243,÷–∆Ã∑€,37.231,0.000,6.062,37.261,0.000,1.830
1244,÷–∆Ã∑€,37.261,0.000,6.056,37.291,0.000,0.479
1245,÷–∆Ã∑€,37.291,0.000,6.065,37.321,0.000,1.219
1246,÷–∆Ã∑€,37.321,0.000,6.069,37.351,0.000,1.533
1247,÷–∆Ã∑€,37.351,0.000,6.056,37.381,0.000,0.350
1248,÷–∆Ã∑€,37.381,0.000,6.044,37.411,0.000,2.027
1249,÷–∆Ã∑€,37.411,0.000,6.057,37.441,0.000,1.559
1250,÷–∆Ã∑€,37.441,0.000,6.052,37.471,0.000,1.375
1251,÷–∆Ã∑€,37.471,0.000,6.068,37.501,0.000,2.724
1252,÷–∆Ã∑€,37.501,0.000,6.057,37.531,0.000,1.072
1253,÷–∆Ã∑€,37.531,0.000,6.050,37.561,0.000,0.456
1254,÷–∆Ã∑€,37.561,0.000,6.062,37.591,0.000,2.100
1255,÷–∆Ã∑€,37.591,0.000,6.042,37.621,0.000,2.004
1256,÷–∆Ã∑€,37.621,0.000,6.045,37.651,0.000,1.194
1257,÷–∆Ã∑€,37.651,0.000,6.055,37.681,0.000,0.743
1258,÷–∆Ã∑€,37.681,0.000,6.055,37.711,0.000,1.391
1259,÷–∆Ã∑€,37.711,0.000,6.046,37.741,0.000,1.188
1260,÷–∆Ã∑€,37.741,0.000,6.050,37.771,0.000,1.051
1261,÷–∆Ã∑€,37.771,0.000,6.061,37.801,0.000,2.063
1262,÷–∆Ã∑€,37.801,0.000,6.051,37.831,0.000,2.103
1263,÷–∆Ã∑€,37.831,0.000,6.057,37.861,0.000,0.357
1264,÷–∆Ã∑€,37.861,0.000,6.044,37.891,0.000,1.847
1265,÷–∆Ã∑€,37.891,0.000,6.047,37.921,0.000,1.381
1266,÷–∆Ã∑€,37.921,0.000,6.062,37.951,0.000,2.551
1267,÷–∆Ã∑€,37.951,0.000,6.050,37.981,0.000,2.592
1268,÷–∆Ã∑€,37.981,0.000,6.047,38.011,0.000,0.780
1269,÷–∆Ã∑€,38.011,0.000,6.056,38.041,0.000,0.558
1270,÷–∆Ã∑€,38.041,0.000,6.052,38.071,0.000,1.752
1271,÷–∆Ã∑€,38.071,0.000,6.055,38.101,0.000,1.183
1272,÷–∆Ã∑€,38.101,0.000,6.058,38.131,0.000,1.294
1273,÷–∆Ã∑€,38.131,0.000,6.054,38.161,0.000,1.505
1274,÷–∆Ã∑€,38.161,0.000,6.056,38.191,0.000,1.954
1275,÷–∆Ã∑€,38.191,0.000,6.054,38.221,0.000,0.986
1276,÷–∆Ã∑€,38.221,0.000,6.070,38.251,0.000,1.486
1277,÷–∆Ã∑€,38.251,0.000,6.052,38.281,0.000,0.581
1278,÷–∆Ã∑€,38.281,0.000,6.062,38.311,0.000,1.549
1279,÷–∆Ã∑€,38.311,0.000,6.060,38.341,0.000,2.344
1280,÷–∆Ã∑€,38.341,0.000,6.057,38.371,0.000,1.477
1281,÷–∆Ã∑€,38.371,0.000,6.050,38.401,0.000,0.923
1282,÷–∆Ã∑€,38.401,0.000,6.059,38.431,0.000,1.773
1283,÷–∆Ã∑€,38.431,0.000,6.058,38.461,0.000,0.887
1284,÷–∆Ã∑€,38.461,0.000,6.063,38.491,0.000,1.620
1285,÷–∆Ã∑€,38.491,0.000,6.045,38.521,0.000,1.079
1286,÷–∆Ã∑€,38.521,0.000,6.058,38.551,0.000,2.274
1287,÷–∆Ã∑€,38.551,0.000,6.054,38.581,0.000,1.122
1288,÷–∆Ã∑€,38.581,0.000,6.044,38.611,0.000,0.675
1289,÷–∆Ã∑€,38.611,0.000,6.062,38.641,0.000,1.667
1290,÷–∆Ã∑€,38.641,0.000,6.053,38.671,0.000,2.764
1291,÷–∆Ã∑€,38.671,0.000,6.044,38.701,0.000,1.395
1292,÷–∆Ã∑€,38.701,0.000,6.061,38.731,0.000,1.982
1293,÷–∆Ã∑€,38.731,0.000,6.061,38.761,0.000,2.100
1294,÷–∆Ã∑€,38.761,0.000,6.056,38.791,0.000,1.326
1295,÷–∆Ã∑€,38.791,0.000,6.063,38.821,0.000,2.343
1296,÷–∆Ã∑€,38.821,0.000,6.055,38.851,0.000,0.924
1297,÷–∆Ã∑€,38.851,0.000,6.052,38.881,0.000,1.999
1298,÷–∆Ã∑€,38.881,0.000,6.059,38.911,0.000,1.851
1299,÷–∆Ã∑€,38.911,0.000,6.060,38.941,0.000,2.489
1300,÷–∆Ã∑€,38.941,0.000,6.051,38.971,0.000,2.023
1301,÷–∆Ã∑€,38.971,0.000,6.062,39.001,0.000,1.281
1302,÷–∆Ã∑€,39.001,0.000,6.060,39.031,0.000,1.024
1303,÷–∆Ã∑€,39.031,0.000,6.054,39.061,0.000,2.133
1304,÷–∆Ã∑€,39.061,0.000,6.056,39.091,0.000,1.887
1305,÷–∆Ã∑€,39.091,0.000,6.056,39.121,0.000,2.113
1306,÷–∆Ã∑€,39.121,0.000,6.060,39.151,0.000,0.553
1307,÷–∆Ã∑€,39.151,0.000,6.050,39.181,0.000,1.117
1308,÷–∆Ã∑€,39.181,0.000,6.050,39.211,0.000,0.780
1309,÷–∆Ã∑€,39.211,0.000,6.054,39.241,0.000,0.664
1310,÷–∆Ã∑€,39.241,0.000,6.061,39.271,0.000,0.859
1311,÷–∆Ã∑€,39.271,0.000,6.061,39.301,0.000,0.576
1312,÷–∆Ã∑€,39.301,0.000,6.049,39.331,0.000,1.883
1313,÷–∆Ã∑€,39.331,0.000,6.051,39.361,0.000,0.729
1314,÷–∆Ã∑€,39.361,0.000,6.064,39.391,0.000,1.816
1315,÷–∆Ã∑€,39.391,0.000,6.047,39.421,0.000,1.499
1316,÷–∆Ã∑€,39.421,0.000,6.049,39.451,0.000,0.767
1317,÷–∆Ã∑€,39.451,0.000,6.062,39.481,0.000,1.021
1318,÷–∆Ã∑€,39.481,0.000,6.056,39.511,0.000,0.900
1319,÷–∆Ã∑€,39.511,0.000,6.044,39.541,0.000,1.208
1320,÷–∆Ã∑€,39.541,0.000,6.055,39.571,0.000,0.667
1321,÷–∆Ã∑€,39.571,0.000,6.049,39.601,0.000,1.141
1322,÷–∆Ã∑€,39.601,0.000,6.047,39.631,0.000,1.506
1323,÷–∆Ã∑€,39.631,0.000,6.061,39.661,0.000,0.294
1324,÷–∆Ã∑€,39.661,0.000,6.067,39.691,0.000,1.288
1325,÷–∆Ã∑€,39.691,0.000,6.056,39.721,0.000,1.827
1326,÷–∆Ã∑€,39.721,0.000,6.047,39.751,0.000,1.365
1327,÷–∆Ã∑€,39.751,0.000,6.063,39.781,0.000,0.720
1328,÷–∆Ã∑€,39.781,0.000,6.052,39.811,0.000,2.074
1329,÷–∆Ã∑€,39.811,0.000,6.064,39.841,0.000,1.962
1330,÷–∆Ã∑€,39.841,0.000,6.055,39.871,0.000,0.945
1331,÷–∆Ã∑€,39.871,0.000,6.055,39.901,0.000,1.990
1332,÷–∆Ã∑€,39.901,0.000,6.045,39.931,0.000,1.003
1333,÷–∆Ã∑€,39.931,0.000,6.060,39.961,0.000,1.965
1334,÷–∆Ã∑€,39.961,0.000,6.051,39.991,0.000,1.102
1335,÷–∆Ã∑€,39.991,0.000,6.069,40.021,0.000,2.467
1336,÷–∆Ã∑€,40.021,0.000,6.061,40.051,0.000,1.229
1337,÷–∆Ã∑€,40.051,0.000,6.049,40.081,0.000,1.324
1338,÷–∆Ã∑€,40.081,0.000,6.061,40.111,0.000,0.703
1339,÷–∆Ã∑€,40.111,0.000,6.063,40.141,0.000,2.444
1340,÷–∆Ã∑€,40.141,0.000,6.049,40.171,0.000,1.476
1341,÷–∆Ã∑€,40.171,0.000,6.063,40.201,0.000,0.610
1342,÷–∆Ã∑€,40.201,0.000,6.047,40.231,0.000,1.714
1343,÷–∆Ã∑€,40.231,0.000,6.044,40.261,0.000,1.433
1344,÷–∆Ã∑€,40.261,0.000,6.052,40.291,0.000,0.425
1345,÷–∆Ã∑€,40.291,0.000,6.048,40.321,0.000,1.265
1346,÷–∆Ã∑€,40.321,0.000,6.043,40.351,0.000,1.360
1347,÷–∆Ã∑€,40.351,0.000,6.061,40.381,0.000,1.931
1348,÷–∆Ã∑€,40.381,0.000,6.056,40.411,0.000,1.380
1349,÷–∆Ã∑€,40.411,0.000,6.051,40.441,0.000,0.438
1350,÷–∆Ã∑€,40.441,0.000,6.048,40.471,0.000,1.291
1351,÷–∆Ã∑€,40.471,0.000,6.063,40.501,0.000,1.974
1352,÷–∆Ã∑€,40.501,0.000,6.051,40.531,0.000,0.453
1353,÷–∆Ã∑€,40.531,0.000,6.054,40.561,0.000,1.008
1354,÷–∆Ã∑€,40.561,0.000,6.049,40.591,0.000,1.237
1355,÷–∆Ã∑€,40.591,0.000,6.047,40.621,0.000,1.196
1356,÷–∆Ã∑€,40.621,0.000,6.049,40.651,0.000,1.684
1357,÷–∆Ã∑€,40.651,0.000,6.055,40.681,0.000,1.077
1358,÷–∆Ã∑€,40.681,0.000,6.050,40.711,0.000,0.612
1359,÷–∆Ã∑€,40.711,0.000,6.063,40.741,0.000,1.898
1360,÷–∆Ã∑€,40.741,0.000,6.053,40.771,0.000,0.976
1361,÷–∆Ã∑€,40.771,0.000,6.056,40.801,0.000,1.806
1362,÷–∆Ã∑€,40.801,0.000,6.046,40.831,0.000,1.966
1363,÷–∆Ã∑€,40.831,0.000,6.067,40.861,0.000,1.189
1364,÷–∆Ã∑€,40.861,0.000,6.062,40.891,0.000,0.671
1365,÷–∆Ã∑€,40.891,0.000,6.048,40.921,0.000,0.454
1366,÷–∆Ã∑€,40.921,0.000,6.063,40.951,0.000,1.025
1367,÷–∆Ã∑€,40.951,0.000,6.051,40.981,0.000,0.578
1368,÷–∆Ã∑€,40.981,0.000,6.045,41.011,0.000,1.352
1369,÷–∆Ã∑€,41.011,0.000,6.055,41.041,0.000,1.398
1370,÷–∆Ã∑€,41.041,0.000,6.060,41.071,0.000,1.212
1371,÷–∆Ã∑€,41.071,0.000,6.070,41.101,0.000,2.203
1372,÷–∆Ã∑€,41.101,0.000,6.061,41.131,0.000,0.888
1373,÷–∆Ã∑€,41.131,0.000,6.047,41.161,0.000,2.622
1374,÷–∆Ã∑€,41.161,0.000,6.051,41.191,0.000,1.946
1375,÷–∆Ã∑€,41.191,0.000,6.046,41.221,0.000,1.537
1376,÷–∆Ã∑€,41.221,0.000,6.049,41.251,0.000,0.519
1377,÷–∆Ã∑€,41.251,0.000,6.043,41.281,0.000,2.382
1378,÷–∆Ã∑€,41.281,0.000,6.057,41.311,0.000,1.883
1379,÷–∆Ã∑€,41.311,0.000,6.056,41.341,0.000,2.618
1380,÷–∆Ã∑€,41.341,0.000,6.053,41.371,0.000,1.114
1381,÷–∆Ã∑€,41.371,0.000,6.051,41.401,0.000,1.385
1382,÷–∆Ã∑€,41.401,0.000,6.064,41.431,0.000,1.294
1383,÷–∆Ã∑€,41.431,0.000,6.062,41.461,0.000,1.544
1384,÷–∆Ã∑€,41.461,0.000,6.063,41.491,0.000,1.572
1385,÷–∆Ã∑€,41.491,0.000,6.054,41.521,0.000,1.583
1386,÷–∆Ã∑€,41.521,0.000,6.057,41.551,0.000,1.238
1387,÷–∆Ã∑€,41.551,0.000,6.045,41.581,0.000,1.409
1388,÷–∆Ã∑€,41.581,0.000,6.058,41.611,0.000,1.314
1389,÷–∆Ã∑€,41.611,0.000,6.053,41.641,0.000,1.465
1390,÷–∆Ã∑€,41.641,0.000,6.045,41.671,0.000,1.171
1391,÷–∆Ã∑€,41.671,0.000,6.052,41.701,0.000,0.703
1392,÷–∆Ã∑€,41.701,0.000,6.076,41.731,0.000,0.877
1393,÷–∆Ã∑€,41.731,0.000,6.051,41.761,0.000,0.985
1394,÷–∆Ã∑€,41.761,0.000,6.061,41.791,0.000,0.578
1395,÷–∆Ã∑€,41.791,0.000,6.056,41.821,0.000,1.707
1396,÷–∆Ã∑€,41.821,0.000,6.071,41.851,0.000,1.987
1397,÷–∆Ã∑€,41.851,0.000,6.070,41.881,0.000,0.965
1398,÷–∆Ã∑€,41.881,0.000,6.053,41.911,0.000,2.776
1399,÷–∆Ã∑€,41.911,0.000,6.043,41.941,0.000,0.536
1400,÷–∆Ã∑€,41.941,0.000,6.062,41.971,0.000,0.638
1401,÷–∆Ã∑€,41.971,0.000,6.056,42.001,0.000,1.703
1402,÷–∆Ã∑€,42.001,0.000,6.063,42.031,0.000,2.103
1403,÷–∆Ã∑€,42.031,0.000,6.061,42.061,0.000,2.315
1404,÷–∆Ã∑€,42.061,0.000,6.050,42.091,0.000,2.474
1405,÷–∆Ã∑€,42.091,0.000,6.071,42.121,0.000,1.179
1406,÷–∆Ã∑€,42.121,0.000,6.051,42.151,0.000,0.906
1407,÷–∆Ã∑€,42.151,0.000,6.048,42.181,0.000,0.914
1408,÷–∆Ã∑€,42.181,0.000,6.050,42.211,0.000,0.587
1409,÷–∆Ã∑€,42.211,0.000,6.049,42.241,0.000,0.997
1410,÷–∆Ã∑€,42.241,0.000,6.054,42.271,0.000,1.865
1411,÷–∆Ã∑€,42.271,0.000,6.057,42.301,0.000,1.482
1412,÷–∆Ã∑€,42.301,0.000,6.056,42.331,0.000,1.792
1413,÷–∆Ã∑€,42.331,0.000,6.054,42.361,0.000,0.338
1414,÷–∆Ã∑€,42.361,0.000,6.064,42.391,0.000,1.447
1415,÷–∆Ã∑€,42.391,0.000,6.058,42.421,0.000,2.664
1416,÷–∆Ã∑€,42.421,0.000,6.062,42.451,0.000,2.181
1417,÷–∆Ã∑€,42.451,0.000,6.057,42.481,0.000,1.257
1418,÷–∆Ã∑€,42.481,0.000,6.056,42.511,0.000,0.799
1419,÷–∆Ã∑€,42.511,0.000,6.078,42.541,0.000,2.006
1420,÷–∆Ã∑€,42.541,0.000,6.051,42.571,0.000,1.846
1421,÷–∆Ã∑€,42.571,0.000,6.046,42.601,0.000,2.266
1422,÷–∆Ã∑€,42.601,0.000,6.063,42.631,0.000,2.046
1423,÷–∆Ã∑€,42.631,0.000,6.043,42.661,0.000,2.086
1424,÷–∆Ã∑€,42.661,0.000,6.063,42.691,0.000,1.987
1425,÷–∆Ã∑€,42.691,0.000,6.063,42.721,0.000,1.552
1426,÷–∆Ã∑€,42.721,0.000,6.051,42.751,0.000,0.663
1427,÷–∆Ã∑€,42.751,0.000,6.058,42.781,0.000,2.480
1428,÷–∆Ã∑€,42.781,0.000,6.057,42.811,0.000,0.937
1429,÷–∆Ã∑€,42.811,0.000,6.048,42.841,0.000,1.157
1430,÷–∆Ã∑€,42.841,0.000,6.060,42.871,0.000,0.654
1431,÷–∆Ã∑€,42.871,0.000,6.056,42.901,0.000,1.842
1432,÷–∆Ã∑€,42.901,0.000,6.064,42.931,0.000,1.711
1433,÷–∆Ã∑€,42.931,0.000,6.061,42.961,0.000,0.897
1434,÷–∆Ã∑€,42.961,0.000,6.049,42.991,0.000,1.554
1435,÷–∆Ã∑€,42.991,0.000,6.047,43.021,0.000,1.789
1436,÷–∆Ã∑€,43.021,0.000,6.047,43.051,0.000,2.247
1437,÷–∆Ã∑€,43.051,0.000,6.047,43.081,0.000,1.945
1438,÷–∆Ã∑€,43.081,0.000,6.051,43.111,0.000,0.922
1439,÷–∆Ã∑€,43.111,0.000,6.050,43.141,0.000,1.178
1440,÷–∆Ã∑€,43.141,0.000,6.059,43.171,0.000,1.935
1441,÷–∆Ã∑€,43.171,0.000,6.047,43.201,0.000,1.712
1442,÷–∆Ã∑€,43.201,0.000,6.049,43.231,0.000,1.285
1443,÷–∆Ã∑€,43.231,0.000,6.058,43.261,0.000,0.316
1444,÷–∆Ã∑€,43.261,0.000,6.059,43.291,0.000,2.040
1445,÷–∆Ã∑€,43.291,0.000,6.047,43.321,0.000,1.340
1446,÷–∆Ã∑€,43.321,0.000,6.071,43.351,0.000,0.833
1447,÷–∆Ã∑€,43.351,0.000,6.062,43.381,0.000,0.779
1448,÷–∆Ã∑€,43.381,0.000,6.052,43.411,0.000,0.669
1449,÷–∆Ã∑€,43.411,0.000,6.058,43.441,0.000,1.352
1450,÷–∆Ã∑€,43.441,0.000,6.064,43.471,0.000,0.709
1451,÷–∆Ã∑€,43.471,0.000,6.049,43.501,0.000,1.729
1452,÷–∆Ã∑€,43.501,0.000,6.058,43.531,0.000,2.618
1453,÷–∆Ã∑€,43.531,0.000,6.054,43.561,0.000,1.406
1454,÷–∆Ã∑€,43.561,0.000,6.054,43.591,0.000,1.487
1455,÷–∆Ã∑€,43.591,0.000,6.043,43.621,0.000,1.890
1456,÷–∆Ã∑€,43.621,0.000,6.061,43.651,0.000,1.010
1457,÷–∆Ã∑€,43.651,0.000,6.047,43.681,0.000,0.740
1458,÷–∆Ã∑€,43.681,0.000,6.048,43.711,0.000,1.209
1459,÷–∆Ã∑€,43.711,0.000,6.047,43.741,0.000,1.042
1460,÷–∆Ã∑€,43.741,0.000,6.056,43.771,0.000,1.362
1461,÷–∆Ã∑€,43.771,0.000,6.050,43.801,0.000,1.923
1462,÷–∆Ã∑€,43.801,0.000,6.070,43.831,0.000,2.159
1463,÷–∆Ã∑€,43.831,0.000,6.050,43.861,0.000,0.957
1464,÷–∆Ã∑€,43.861,0.000,6.047,43.891,0.000,1.491
1465,÷–∆Ã∑€,43.891,0.000,6.047,43.921,0.000,0.632
1466,÷–∆Ã∑€,43.921,0.000,6.054,43.951,0.000,1.567
1467,÷–∆Ã∑€,43.951,0.000,6.073,43.981,0.000,0.650
1468,÷–∆Ã∑€,43.981,0.000,6.049,44.011,0.000,1.648
1469,÷–∆Ã∑€,44.011,0.000,6.050,44.041,0.000,1.763
1470,÷–∆Ã∑€,44.041,0.000,6.067,44.071,0.000,1.385
1471,÷–∆Ã∑€,44.071,0.000,6.050,44.101,0.000,1.061
1472,÷–∆Ã∑€,44.101,0.000,6.056,44.131,0.000,2.104
1473,÷–∆Ã∑€,44.131,0.000,6.060,44.161,0.000,0.760
1474,÷–∆Ã∑€,44.161,0.000,6.055,44.191,0.000,2.059
1475,÷–∆Ã∑€,44.191,0.000,6.049,44.221,0.000,1.534
1476,÷–∆Ã∑€,44.221,0.000,6.047,44.251,0.000,1.351
1477,÷–∆Ã∑€,44.251,0.000,6.044,44.281,0.000,2.684
1478,÷–∆Ã∑€,44.281,0.000,6.054,44.311,0.000,1.275
1479,÷–∆Ã∑€,44.311,0.000,6.054,44.341,0.000,1.033
1480,÷–∆Ã∑€,44.341,0.000,6.058,44.371,0.000,1.934
1481,÷–∆Ã∑€,44.371,0.000,6.057,44.401,0.000,0.724
1482,÷–∆Ã∑€,44.401,0.000,6.047,44.431,0.000,0.626
1483,÷–∆Ã∑€,44.431,0.000,6.048,44.461,0.000,1.005
1484,÷–∆Ã∑€,44.461,0.000,6.061,44.491,0.000,1.151
1485,÷–∆Ã∑€,44.491,0.000,6.060,44.521,0.000,0.635
1486,÷–∆Ã∑€,44.521,0.000,6.056,44.551,0.000,1.117
1487,÷–∆Ã∑€,44.551,0.000,6.063,44.581,0.000,0.915
1488,÷–∆Ã∑€,44.581,0.000,6.062,44.611,0.000,0.717
1489,÷–∆Ã∑€,44.611,0.000,6.055,44.641,0.000,0.611
1490,÷–∆Ã∑€,44.641,0.000,6.049,44.671,0.000,0.545
1491,÷–∆Ã∑€,44.671,0.000,6.050,44.701,0.000,1.712
1492,÷–∆Ã∑€,44.701,0.000,6.056,44.731,0.000,0.951
1493,÷–∆Ã∑€,44.731,0.000,6.054,44.761,0.000,1.184
1494,÷–∆Ã∑€,44.761,0.000,6.041,44.791,0.000,1.949
1495,÷–∆Ã∑€,44.791,0.000,6.052,44.821,0.000,1.352
1496,÷–∆Ã∑€,44.821,0.000,6.061,44.851,0.000,0.941
1497,÷–∆Ã∑€,44.851,0.000,6.045,44.881,0.000,0.493
1498,÷–∆Ã∑€,44.881,0.000,6.044,44.911,0.000,1.079
1499,÷–∆Ã∑€,44.911,0.000,6.044,44.941,0.000,0.382
1500,÷–∆Ã∑€,44.941,0.000,6.052,44.971,0.000,1.716
1501,÷–∆Ã∑€,44.971,0.000,6.061,45.001,0.000,2.572
1502,÷–∆Ã∑€,45.001,0.000,6.051,45.031,0.000,0.650
1503,÷–∆Ã∑€,45.031,0.000,6.053,45.061,0.000,1.152
1504,÷–∆Ã∑€,45.061,0.000,6.049,45.091,0.000,1.827
1505,÷–∆Ã∑€,45.091,0.000,6.057,45.121,0.000,2.139
1506,÷–∆Ã∑€,45.121,0.000,6.051,45.151,0.000,0.600
1507,÷–∆Ã∑€,45.151,0.000,6.050,45.181,0.000,1.871
1508,÷–∆Ã∑€,45.181,0.000,6.049,45.211,0.000,1.400
1509,÷–∆Ã∑€,45.211,0.000,6.052,45.241,0.000,1.066
1510,÷–∆Ã∑€,45.241,0.000,6.049,45.271,0.000,0.568
1511,÷–∆Ã∑€,45.271,0.000,6.056,45.301,0.000,1.084
1512,÷–∆Ã∑€,45.301,0.000,6.051,45.331,0.000,1.979
1513,÷–∆Ã∑€,45.331,0.000,6.056,45.361,0.000,0.368
1514,÷–∆Ã∑€,45.361,0.000,6.049,45.391,0.000,2.065
1515,÷–∆Ã∑€,45.391,0.000,6.069,45.421,0.000,1.592
1516,÷–∆Ã∑€,45.421,0.000,6.050,45.451,0.000,2.214
1517,÷–∆Ã∑€,45.451,0.000,6.049,45.481,0.000,1.616
1518,÷–∆Ã∑€,45.481,0.000,6.057,45.511,0.000,0.289
1519,÷–∆Ã∑€,45.511,0.000,6.045,45.541,0.000,0.805
1520,÷–∆Ã∑€,45.541,0.000,6.055,45.571,0.000,0.444
1521,÷–∆Ã∑€,45.571,0.000,6.073,45.601,0.000,1.565
1522,÷–∆Ã∑€,45.601,0.000,6.051,45.631,0.000,1.352
1523,÷–∆Ã∑€,45.631,0.000,6.051,45.661,0.000,0.996
1524,÷–∆Ã∑€,45.661,0.000,6.073,45.691,0.000,0.927
1525,÷–∆Ã∑€,45.691,0.000,6.051,45.721,0.000,1.212
1526,÷–∆Ã∑€,45.721,0.000,6.061,45.751,0.000,0.933
1527,÷–∆Ã∑€,45.751,0.000,6.064,45.781,0.000,1.096
1528,÷–∆Ã∑€,45.781,0.000,6.066,45.811,0.000,1.307
1529,÷–∆Ã∑€,45.811,0.000,6.064,45.841,0.000,1.854
1530,÷–∆Ã∑€,45.841,0.000,6.053,45.871,0.000,1.446
1531,÷–∆Ã∑€,45.871,0.000,6.050,45.901,0.000,0.458
1532,÷–∆Ã∑€,45.901,0.000,6.058,45.931,0.000,2.143
1533,÷–∆Ã∑€,45.931,0.000,6.045,45.961,0.000,2.710
1534,÷–∆Ã∑€,45.961,0.000,6.073,45.991,0.000,1.918
1535,÷–∆Ã∑€,45.991,0.000,6.059,46.021,0.000,1.981
1536,÷–∆Ã∑€,46.021,0.000,6.052,46.051,0.000,0.566
1537,÷–∆Ã∑€,46.051,0.000,6.062,46.081,0.000,1.472
1538,÷–∆Ã∑€,46.081,0.000,6.052,46.111,0.000,1.199
1539,÷–∆Ã∑€,46.111,0.000,6.071,46.141,0.000,1.491
1540,÷–∆Ã∑€,46.141,0.000,6.063,46.171,0.000,0.747
1541,÷–∆Ã∑€,46.171,0.000,6.056,46.201,0.000,1.603
1542,÷–∆Ã∑€,46.201,0.000,6.062,46.231,0.000,1.740
1543,÷–∆Ã∑€,46.231,0.000,6.043,46.261,0.000,1.947
1544,÷–∆Ã∑€,46.261,0.000,6.051,46.291,0.000,1.875
1545,÷–∆Ã∑€,46.291,0.000,6.063,46.321,0.000,0.860
1546,÷–∆Ã∑€,46.321,0.000,6.064,46.351,0.000,0.738
1547,÷–∆Ã∑€,46.351,0.000,6.047,46.381,0.000,2.050
1548,÷–∆Ã∑€,46.381,0.000,6.060,46.411,0.000,0.528
1549,÷–∆Ã∑€,46.411,0.000,6.057,46.441,0.000,0.684
1550,÷–∆Ã∑€,46.441,0.000,6.056,46.471,0.000,2.349
1551,÷–∆Ã∑€,46.471,0.000,6.056,46.501,0.000,2.072
1552,÷–∆Ã∑€,46.501,0.000,6.055,46.531,0.000,1.196
1553,÷–∆Ã∑€,46.531,0.000,6.050,46.561,0.000,0.694
1554,÷–∆Ã∑€,46.561,0.000,6.050,46.591,0.000,0.695
1555,÷–∆Ã∑€,46.591,0.000,6.060,46.621,0.000,1.541
1556,÷–∆Ã∑€,46.621,0.000,6.052,46.651,0.000,1.257
1557,÷–∆Ã∑€,46.651,0.000,6.045,46.681,0.000,1.832
1558,÷–∆Ã∑€,46.681,0.000,6.056,46.711,0.000,1.283
1559,÷–∆Ã∑€,46.711,0.000,6.049,46.741,0.000,1.406
1560,÷–∆Ã∑€,46.741,0.000,6.064,46.771,0.000,1.921
1561,÷–∆Ã∑€,46.771,0.000,6.045,46.801,0.000,1.492
1562,÷–∆Ã∑€,46.801,0.000,6.050,46.831,0.000,1.329
1563,÷–∆Ã∑€,46.831,0.000,6.047,46.861,0.000,0.659
1564,÷–∆Ã∑€,46.861,0.000,6.049,46.891,0.000,1.793
1565,÷–∆Ã∑€,46.891,0.000,6.072,46.921,0.000,2.073
1566,÷–∆Ã∑€,46.921,0.000,6.067,46.951,0.000,2.078
1567,÷–∆Ã∑€,46.951,0.000,6.057,46.981,0.000,1.618
1568,÷–∆Ã∑€,46.981,0.000,6.050,47.011,0.000,1.684
1569,÷–∆Ã∑€,47.011,0.000,6.045,47.041,0.000,1.591
1570,÷–∆Ã∑€,47.041,0.000,6.057,47.071,0.000,1.878
1571,÷–∆Ã∑€,47.071,0.000,6.049,47.101,0.000,1.526
1572,÷–∆Ã∑€,47.101,0.000,6.049,47.131,0.000,1.413
1573,÷–∆Ã∑€,47.131,0.000,6.056,47.161,0.000,1.214
1574,÷–∆Ã∑€,47.161,0.000,6.056,47.191,0.000,0.584
1575,÷–∆Ã∑€,47.191,0.000,6.051,47.221,0.000,1.107
1576,÷–∆Ã∑€,47.221,0.000,6.054,47.251,0.000,1.524
1577,÷–∆Ã∑€,47.251,0.000,6.063,47.281,0.000,1.122
1578,÷–∆Ã∑€,47.281,0.000,6.048,47.311,0.000,0.698
1579,÷–∆Ã∑€,47.311,0.000,6.056,47.341,0.000,1.075
1580,÷–∆Ã∑€,47.341,0.000,6.063,47.371,0.000,2.591
1581,÷–∆Ã∑€,47.371,0.000,6.068,47.401,0.000,1.426
1582,÷–∆Ã∑€,47.401,0.000,6.056,47.431,0.000,2.705
1583,÷–∆Ã∑€,47.431,0.000,6.044,47.461,0.000,0.912
1584,÷–∆Ã∑€,47.461,0.000,6.052,47.491,0.000,0.893
1585,÷–∆Ã∑€,47.491,0.000,6.055,47.521,0.000,1.035
1586,÷–∆Ã∑€,47.521,0.000,6.053,47.551,0.000,1.104
1587,÷–∆Ã∑€,47.551,0.000,6.051,47.581,0.000,0.301
1588,÷–∆Ã∑€,47.581,0.000,6.051,47.611,0.000,2.696
1589,÷–∆Ã∑€,47.611,0.000,6.054,47.641,0.000,2.099
1590,÷–∆Ã∑€,47.641,0.000,6.056,47.671,0.000,1.437
1591,÷–∆Ã∑€,47.671,0.000,6.047,47.701,0.000,1.560
1592,÷–∆Ã∑€,47.701,0.000,6.061,47.731,0.000,1.833
1593,÷–∆Ã∑€,47.731,0.000,6.048,47.761,0.000,0.633
1594,÷–∆Ã∑€,47.761,0.000,6.059,47.791,0.000,1.946
1595,÷–∆Ã∑€,47.791,0.000,6.051,47.821,0.000,1.219
1596,÷–∆Ã∑€,47.821,0.000,6.051,47.851,0.000,1.240
1597,÷–∆Ã∑€,47.851,0.000,6.050,47.881,0.000,0.621
1598,÷–∆Ã∑€,47.881,0.000,6.056,47.911,0.000,1.406
1599,÷–∆Ã∑€,47.911,0.000,6.046,47.941,0.000,1.503
1600,÷–∆Ã∑€,47.941,0.000,6.056,47.971,0.000,0.635
1601,÷–∆Ã∑€,47.971,0.000,6.049,48.001,0.000,0.664
1602,÷–∆Ã∑€,48.001,0.000,6.062,48.031,0.000,1.066
1603,÷–∆Ã∑€,48.031,0.000,6.049,48.061,0.000,0.621
1604,÷–∆Ã∑€,48.061,0.000,6.061,48.091,0.000,1.492
1605,÷–∆Ã∑€,48.091,0.000,6.061,48.121,0.000,1.811
1606,÷–∆Ã∑€,48.121,0.000,6.054,48.151,0.000,1.268
1607,÷–∆Ã∑€,48.151,0.000,6.058,48.181,0.000,1.016
1608,÷–∆Ã∑€,48.181,0.000,6.046,48.211,0.000,1.613
1609,÷–∆Ã∑€,48.211,0.000,6.050,48.241,0.000,1.607
1610,÷–∆Ã∑€,48.241,0.000,6.046,48.271,0.000,1.676
1611,÷–∆Ã∑€,48.271,0.000,6.058,48.301,0.000,1.279
1612,÷–∆Ã∑€,48.301,0.000,6.051,48.331,0.000,0.997
1613,÷–∆Ã∑€,48.331,0.000,6.059,48.361,0.000,1.097
1614,÷–∆Ã∑€,48.361,0.000,6.058,48.391,0.000,1.877
1615,÷–∆Ã∑€,48.391,0.000,6.050,48.421,0.000,0.738
1616,÷–∆Ã∑€,48.421,0.000,6.071,48.451,0.000,1.831
1617,÷–∆Ã∑€,48.451,0.000,6.069,48.481,0.000,1.761
1618,÷–∆Ã∑€,48.481,0.000,6.064,48.511,0.000,0.720
1619,÷–∆Ã∑€,48.511,0.000,6.057,48.541,0.000,1.551
1620,÷–∆Ã∑€,48.541,0.000,6.050,48.571,0.000,2.078
1621,÷–∆Ã∑€,48.571,0.000,6.043,48.601,0.000,0.621
1622,÷–∆Ã∑€,48.601,0.000,6.050,48.631,0.000,2.703
1623,÷–∆Ã∑€,48.631,0.000,6.056,48.661,0.000,1.906
1624,÷–∆Ã∑€,48.661,0.000,6.051,48.691,0.000,1.474
1625,÷–∆Ã∑€,48.691,0.000,6.054,48.721,0.000,1.022
1626,÷–∆Ã∑€,48.721,0.000,6.068,48.751,0.000,2.145
1627,÷–∆Ã∑€,48.751,0.000,6.050,48.781,0.000,2.674
1628,÷–∆Ã∑€,48.781,0.000,6.053,48.811,0.000,1.560
1629,÷–∆Ã∑€,48.811,0.000,6.061,48.841,0.000,1.500
1630,÷–∆Ã∑€,48.841,0.000,6.069,48.871,0.000,1.051
1631,÷–∆Ã∑€,48.871,0.000,6.055,48.901,0.000,1.143
1632,÷–∆Ã∑€,48.901,0.000,6.056,48.931,0.000,2.589
1633,÷–∆Ã∑€,48.931,0.000,6.050,48.961,0.000,0.731
1634,÷–∆Ã∑€,48.961,0.000,6.063,48.991,0.000,1.207
1635,÷–∆Ã∑€,48.991,0.000,6.063,49.021,0.000,1.560
1636,÷–∆Ã∑€,49.021,0.000,6.056,49.051,0.000,0.502
1637,÷–∆Ã∑€,49.051,0.000,6.047,49.081,0.000,1.400
1638,÷–∆Ã∑€,49.081,0.000,6.056,49.111,0.000,1.507
1639,÷–∆Ã∑€,49.111,0.000,6.049,49.141,0.000,0.352
1640,÷–∆Ã∑€,49.141,0.000,6.056,49.171,0.000,0.549
1641,÷–∆Ã∑€,49.171,0.000,6.050,49.201,0.000,1.156
1642,÷–∆Ã∑€,49.201,0.000,6.056,49.231,0.000,1.571
1643,÷–∆Ã∑€,49.231,0.000,6.057,49.261,0.000,1.204
1644,÷–∆Ã∑€,49.261,0.000,6.052,49.291,0.000,1.214
1645,÷–∆Ã∑€,49.291,0.000,6.075,49.321,0.000,0.642
1646,÷–∆Ã∑€,49.321,0.000,6.063,49.351,0.000,0.987
1647,÷–∆Ã∑€,49.351,0.000,6.048,49.381,0.000,0.682
